"Contributions to classes. Index, Percentage, and percentage point (Qrtly-Mar/Jun/Sep/Dec)","","","","","","","","","","","","","","","","","","","","","","","","","","","","","","","","","","","","","","","","","","","","","","","","","","","","","","","","","","","","","","","","","","","","","","","","","","","","","","","","","","","","","","","","","","","","","","","","","","","","","","","","","","","","","","","","","","","","","","","","","","","","","","","","","","","","","","","","","","","","","","","","","","","","","","","","","","","","","","","","","","","","","","","","","","","","","","","","","","","","","","","","","","","","","","","","","","","","","","","","","","","","","","","","","","","","","","","","","","","","","",""
"","Fruit","","Vegetables","","Meat and poultry","","Fish and other seafood","","Bread and cereals","","Milk, cheese and eggs","","Oils and fats","","Food additives and condiments","","Confectionery, nuts and snacks","","Other grocery food","","Coffee, tea and other hot drinks","","Soft drinks, waters and juices","","Restaurant meals","","Ready-to-eat food","","Beer","","Wine","","Spirits and liqueurs","","Cigarettes and tobacco","","Men's clothing","","Women's clothing","","Children's and infants' clothing","","Clothing accessories","","Knitting and sewing supplies","","Clothing services","","Men's footwear","","Women's footwear","","Children's and infants' footwear","","Actual rentals for housing","","Purchase of housing","","Property maintenance materials","","Property maintenance services","","Water supply","","Refuse disposal and recycling","","Local authority rates and payments","","Other property related services","","Electricity","","Gas","","Solid fuels","","Furniture and furnishings","","Carpets and other floor coverings","","Household textiles","","Major household appliances","","Small electrical household appliances","","Repair and hire of household appliances","","Glassware, tableware and household utensils","","Major tools and equipment for the house and garden","","Small tools and accessories for the house and garden","","Cleaning products and other household supplies","","Other household services","","Pharmaceutical products","","Other medical products","","Therapeutic appliances and equipment","","Medical services","","Dental services","","Paramedical services","","Hospital services","","Purchase of new motor cars","","Purchase of second-hand motor cars","","Purchase of motorcycles","","Purchase of bicycles","","Vehicle parts and accessories","","Petrol","","Other vehicle fuels and lubricants","","Vehicle servicing and repairs","","Other private transport services","","Rail passenger transport","","Road passenger transport","","Domestic air transport","","International air transport","","Sea passenger transport","","Postal services","","Telecommunication equipment","","Telecommunication services","","Audio-visual equipment","","Computing equipment","","Recording media","","Major recreational and cultural equipment","","Games, toys and hobbies","","Equipment for sport, camping and outdoor recreation","","Plants, flowers and gardening supplies","","Pets and pet-related products","","Recreational and sporting services","","Cultural services","","Veterinary services","","Books","","Newspapers and magazines","","Stationery and drawing materials","","Accommodation services","","Domestic accommodation services","","Overseas accommodation prepaid in New Zealand","","Package holidays","","Early childhood education","","Primary and secondary education","","Tertiary and other post school education","","Other educational fees","","Hairdressing and personal grooming services","","Electrical appliances for personal care","","Other appliances, articles and products for personal care","","Jewellery and watches","","Other personal effects","","Life insurance","","Dwelling insurance","","Contents insurance","","Health insurance","","Vehicle insurance","","Direct credit service charges","","Financial intermediation services","","Vocational services","","Professional services","","Real estate services","","Other miscellaneous services not elsewhere classified",""
" ","Index point contribution from the same period previous year","Index point contribution from previous period","Index point contribution from the same period previous year","Index point contribution from previous period","Index point contribution from the same period previous year","Index point contribution from previous period","Index point contribution from the same period previous year","Index point contribution from previous period","Index point contribution from the same period previous year","Index point contribution from previous period","Index point contribution from the same period previous year","Index point contribution from previous period","Index point contribution from the same period previous year","Index point contribution from previous period","Index point contribution from the same period previous year","Index point contribution from previous period","Index point contribution from the same period previous year","Index point contribution from previous period","Index point contribution from the same period previous year","Index point contribution from previous period","Index point contribution from the same period previous year","Index point contribution from previous period","Index point contribution from the same period previous year","Index point contribution from previous period","Index point contribution from the same period previous year","Index point contribution from previous period","Index point contribution from the same period previous year","Index point contribution from previous period","Index point contribution from the same period previous year","Index point contribution from previous period","Index point contribution from the same period previous year","Index point contribution from previous period","Index point contribution from the same period previous year","Index point contribution from previous period","Index point contribution from the same period previous year","Index point contribution from previous period","Index point contribution from the same period previous year","Index point contribution from previous period","Index point contribution from the same period previous year","Index point contribution from previous period","Index point contribution from the same period previous year","Index point contribution from previous period","Index point contribution from the same period previous year","Index point contribution from previous period","Index point contribution from the same period previous year","Index point contribution from previous period","Index point contribution from the same period previous year","Index point contribution from previous period","Index point contribution from the same period previous year","Index point contribution from previous period","Index point contribution from the same period previous year","Index point contribution from previous period","Index point contribution from the same period previous year","Index point contribution from previous period","Index point contribution from the same period previous year","Index point contribution from previous period","Index point contribution from the same period previous year","Index point contribution from previous period","Index point contribution from the same period previous year","Index point contribution from previous period","Index point contribution from the same period previous year","Index point contribution from previous period","Index point contribution from the same period previous year","Index point contribution from previous period","Index point contribution from the same period previous year","Index point contribution from previous period","Index point contribution from the same period previous year","Index point contribution from previous period","Index point contribution from the same period previous year","Index point contribution from previous period","Index point contribution from the same period previous year","Index point contribution from previous period","Index point contribution from the same period previous year","Index point contribution from previous period","Index point contribution from the same period previous year","Index point contribution from previous period","Index point contribution from the same period previous year","Index point contribution from previous period","Index point contribution from the same period previous year","Index point contribution from previous period","Index point contribution from the same period previous year","Index point contribution from previous period","Index point contribution from the same period previous year","Index point contribution from previous period","Index point contribution from the same period previous year","Index point contribution from previous period","Index point contribution from the same period previous year","Index point contribution from previous period","Index point contribution from the same period previous year","Index point contribution from previous period","Index point contribution from the same period previous year","Index point contribution from previous period","Index point contribution from the same period previous year","Index point contribution from previous period","Index point contribution from the same period previous year","Index point contribution from previous period","Index point contribution from the same period previous year","Index point contribution from previous period","Index point contribution from the same period previous year","Index point contribution from previous period","Index point contribution from the same period previous year","Index point contribution from previous period","Index point contribution from the same period previous year","Index point contribution from previous period","Index point contribution from the same period previous year","Index point contribution from previous period","Index point contribution from the same period previous year","Index point contribution from previous period","Index point contribution from the same period previous year","Index point contribution from previous period","Index point contribution from the same period previous year","Index point contribution from previous period","Index point contribution from the same period previous year","Index point contribution from previous period","Index point contribution from the same period previous year","Index point contribution from previous period","Index point contribution from the same period previous year","Index point contribution from previous period","Index point contribution from the same period previous year","Index point contribution from previous period","Index point contribution from the same period previous year","Index point contribution from previous period","Index point contribution from the same period previous year","Index point contribution from previous period","Index point contribution from the same period previous year","Index point contribution from previous period","Index point contribution from the same period previous year","Index point contribution from previous period","Index point contribution from the same period previous year","Index point contribution from previous period","Index point contribution from the same period previous year","Index point contribution from previous period","Index point contribution from the same period previous year","Index point contribution from previous period","Index point contribution from the same period previous year","Index point contribution from previous period","Index point contribution from the same period previous year","Index point contribution from previous period","Index point contribution from the same period previous year","Index point contribution from previous period","Index point contribution from the same period previous year","Index point contribution from previous period","Index point contribution from the same period previous year","Index point contribution from previous period","Index point contribution from the same period previous year","Index point contribution from previous period","Index point contribution from the same period previous year","Index point contribution from previous period","Index point contribution from the same period previous year","Index point contribution from previous period","Index point contribution from the same period previous year","Index point contribution from previous period","Index point contribution from the same period previous year","Index point contribution from previous period","Index point contribution from the same period previous year","Index point contribution from previous period","Index point contribution from the same period previous year","Index point contribution from previous period","Index point contribution from the same period previous year","Index point contribution from previous period","Index point contribution from the same period previous year","Index point contribution from previous period","Index point contribution from the same period previous year","Index point contribution from previous period","Index point contribution from the same period previous year","Index point contribution from previous period","Index point contribution from the same period previous year","Index point contribution from previous period","Index point contribution from the same period previous year","Index point contribution from previous period","Index point contribution from the same period previous year","Index point contribution from previous period","Index point contribution from the same period previous year","Index point contribution from previous period","Index point contribution from the same period previous year","Index point contribution from previous period","Index point contribution from the same period previous year","Index point contribution from previous period","Index point contribution from the same period previous year","Index point contribution from previous period","Index point contribution from the same period previous year","Index point contribution from previous period","Index point contribution from the same period previous year","Index point contribution from previous period","Index point contribution from the same period previous year","Index point contribution from previous period","Index point contribution from the same period previous year","Index point contribution from previous period","Index point contribution from the same period previous year","Index point contribution from previous period","Index point contribution from the same period previous year","Index point contribution from previous period","Index point contribution from the same period previous year","Index point contribution from previous period","Index point contribution from the same period previous year","Index point contribution from previous period","Index point contribution from the same period previous year","Index point contribution from previous period","Index point contribution from the same period previous year","Index point contribution from previous period","Index point contribution from the same period previous year","Index point contribution from previous period","Index point contribution from the same period previous year","Index point contribution from previous period","Index point contribution from the same period previous year","Index point contribution from previous period","Index point contribution from the same period previous year","Index point contribution from previous period","Index point contribution from the same period previous year","Index point contribution from previous period","Index point contribution from the same period previous year","Index point contribution from previous period","Index point contribution from the same period previous year","Index point contribution from previous period","Index point contribution from the same period previous year","Index point contribution from previous period","Index point contribution from the same period previous year","Index point contribution from previous period","Index point contribution from the same period previous year","Index point contribution from previous period","Index point contribution from the same period previous year","Index point contribution from previous period"
"2006Q3",0.99,0.82,3.36,2.07,0.32,0.18,0.04,0.05,0.08,0.01,-0.44,-0.49,0.13,0.03,0.21,0.18,0.07,0.09,0.24,0.07,0.13,0.07,0.23,-0.02,0.41,0.13,0.70,0.34,0.74,0.54,0.33,0.16,0.55,0.42,0.71,0.00,0.01,-0.12,0.07,-0.07,0.02,-0.04,"..","..",0.01,0.00,0.04,0.02,-0.15,-0.07,-0.10,-0.02,-0.03,-0.02,1.06,0.19,4.78,0.96,0.34,0.03,0.75,0.32,0.08,0.09,0.53,0.11,1.73,1.47,"..","..",2.06,0.49,0.26,0.12,0.07,0.03,0.43,0.44,0.08,0.08,-0.08,-0.07,-0.24,-0.08,0.01,0.01,0.05,0.01,0.06,0.03,0.03,0.01,0.03,0.01,0.02,0.07,0.04,0.01,0.05,-0.01,0.01,0.00,0.02,0.01,0.07,-0.74,0.40,0.11,0.04,0.00,0.39,0.22,-0.56,-0.44,-1.53,-1.53,0.02,0.01,0.00,0.01,0.15,0.17,5.95,-0.43,0.65,-0.08,0.41,0.17,-0.28,-0.41,0.20,0.02,0.31,0.05,1.00,0.23,1.25,0.05,0.08,0.08,0.02,0.00,-0.15,-0.06,0.67,0.00,-0.91,-0.47,-0.17,-0.04,-0.10,-0.05,0.20,0.02,-0.11,-0.06,-0.07,-0.04,-0.04,0.02,0.07,-0.01,0.24,0.01,0.28,-0.05,0.18,0.06,0.09,0.10,0.75,0.14,0.16,0.15,0.22,0.06,"..","..","..","..","..",0.11,0.12,0.04,0.14,0.00,0.43,0.00,"..","..",0.29,0.11,0.00,0.00,-0.01,-0.06,0.30,0.14,0.05,0.01,0.03,0.00,0.26,0.00,0.07,0.00,0.14,0.09,0.14,0.01,0.12,0.00,"..","..",0.04,0.01,0.14,0.03,0.76,0.15,0.12,0.09
"2006Q4",2.70,1.59,1.37,-2.02,0.54,1.06,0.07,0.03,0.19,0.09,-0.96,-0.51,0.12,0.02,0.38,0.01,0.38,0.28,0.21,0.10,-0.01,-0.05,0.23,-0.05,0.43,0.13,0.76,0.16,0.68,0.01,0.52,0.19,0.53,-0.08,0.78,0.26,0.03,0.11,-0.07,-0.04,0.14,0.11,"..","..",0.02,0.01,0.03,0.00,-0.15,0.00,-0.10,0.01,-0.04,-0.01,1.43,0.49,3.78,0.47,0.22,0.04,0.79,0.15,0.14,0.05,0.16,0.06,1.61,0.13,"..","..",2.21,0.30,0.46,0.19,0.07,0.00,0.21,-0.22,0.11,0.04,-0.13,-0.04,-0.21,0.01,0.00,-0.01,0.11,0.08,-0.03,-0.02,0.02,-0.01,0.05,0.01,0.18,0.12,0.05,0.01,-0.34,-0.31,0.01,0.00,0.03,0.01,0.07,0.05,0.49,0.19,0.01,0.00,0.44,0.15,-0.44,0.13,-0.71,0.32,0.03,0.00,0.01,0.01,0.16,-0.03,-1.06,-8.13,-0.04,-0.68,0.37,0.12,-0.28,0.01,0.23,0.07,0.28,0.19,0.74,-0.04,-0.15,1.32,0.08,0.00,0.04,0.02,-0.16,-0.06,0.66,0.01,-0.94,-0.23,-0.37,-0.19,-0.04,-0.03,0.19,0.02,-0.10,-0.02,0.01,0.03,0.25,0.22,0.15,0.10,0.38,0.22,0.25,-0.03,0.18,0.01,0.18,0.13,0.39,0.13,0.19,0.03,0.21,0.24,"..","..","..","..","..",0.89,0.19,-0.03,0.14,0.00,0.43,0.00,"..","..",0.30,0.09,0.00,0.00,0.09,0.00,0.37,0.06,0.03,0.02,0.03,0.00,0.25,0.01,0.04,0.01,0.14,0.00,0.11,-0.01,-0.01,-0.04,"..","..",0.10,0.09,0.13,0.03,0.65,0.11,0.13,0.02
"2007Q1",2.88,0.23,0.49,-0.54,1.22,0.65,0.08,0.01,0.40,0.36,-0.99,0.04,0.08,0.04,0.25,-0.04,0.46,0.20,0.14,0.09,-0.05,0.02,0.50,0.45,0.50,0.16,0.83,0.22,0.58,-0.11,0.58,0.09,0.54,0.07,0.91,0.63,-0.04,-0.12,-0.04,0.04,0.04,-0.10,"..","..",0.02,0.01,0.05,0.02,-0.15,-0.05,-0.11,-0.03,-0.05,-0.04,1.90,0.69,3.43,0.62,0.18,0.03,0.96,0.30,0.14,0.00,0.17,0.01,1.61,0.00,"..","..",2.17,0.46,0.39,0.03,0.07,0.00,-0.03,-0.26,0.16,0.00,-0.03,0.02,-0.09,-0.06,-0.03,-0.03,0.15,0.05,-0.11,-0.13,0.05,0.03,0.01,-0.01,-0.01,-0.17,0.04,0.01,-0.31,0.08,0.01,0.00,0.03,0.01,-0.03,0.26,0.61,0.20,0.01,0.00,0.42,0.02,-0.37,-0.03,-0.48,0.26,-0.03,-0.02,0.02,0.00,0.20,0.07,-2.52,0.39,-0.39,-0.15,0.53,0.21,-0.27,0.10,0.10,0.01,0.27,0.04,0.61,-0.12,1.74,-1.18,0.08,0.00,0.03,0.00,-0.22,-0.08,0.57,0.09,-1.27,-0.43,-0.37,-0.17,-0.17,-0.10,0.01,0.03,-0.16,-0.07,-0.04,-0.03,0.23,-0.02,0.12,-0.01,0.40,0.12,0.30,0.06,0.19,0.06,0.19,0.01,0.37,0.06,-0.18,-0.41,0.20,0.15,"..","..","..","..","..",-0.02,0.18,0.03,0.51,0.51,0.17,0.17,"..","..",0.24,0.03,-0.01,-0.01,0.22,0.08,0.51,0.21,0.01,-0.04,0.04,0.04,0.16,0.03,0.03,0.00,0.11,0.00,0.00,0.00,-0.09,-0.05,"..","..",0.15,0.04,0.15,0.07,0.74,0.38,0.13,0.01
"2007Q2",1.71,-0.93,0.34,0.84,2.42,0.53,0.13,0.05,0.51,0.06,-0.91,0.04,0.02,-0.07,0.16,0.01,0.54,-0.04,0.07,-0.19,0.11,0.07,0.44,0.06,0.54,0.13,1.01,0.30,0.53,0.09,0.50,0.06,0.51,0.09,0.92,0.02,0.07,0.20,-0.16,-0.08,0.17,0.20,"..","..",0.02,0.00,0.07,0.03,-0.10,0.02,0.00,0.04,-0.04,0.03,1.79,0.43,2.85,0.80,0.14,0.04,1.00,0.23,0.14,0.00,0.19,0.03,1.60,0.00,"..","..",2.28,1.03,0.35,0.01,0.04,0.00,0.30,0.34,0.15,0.03,-0.11,-0.03,-0.07,0.05,-0.04,-0.02,0.15,0.01,-0.03,0.08,0.02,-0.01,0.06,0.05,0.09,0.08,0.10,0.08,-0.18,0.06,0.01,0.00,0.04,0.01,0.24,0.67,0.62,0.11,0.08,0.08,0.45,0.06,-0.37,-0.02,-0.59,0.36,0.02,0.03,0.00,-0.02,0.22,0.00,-4.50,3.68,-0.76,0.14,0.64,0.14,-0.27,0.04,0.10,0.00,0.22,-0.07,0.03,-0.04,0.01,-0.18,0.05,-0.03,0.04,0.02,-0.29,-0.08,0.32,0.22,-1.62,-0.49,-0.46,-0.06,-0.20,-0.01,0.11,0.03,-0.10,0.05,-0.05,-0.01,0.21,-0.01,0.11,0.04,0.42,0.07,-0.01,0.01,0.15,0.02,0.26,0.01,0.42,0.10,0.22,0.45,0.25,-0.20,"..","..","..","..",0.15,-0.83,-0.02,-0.05,0.51,0.00,0.17,0.00,"..","..",0.30,0.08,-0.01,-0.01,0.00,-0.02,0.40,0.00,0.01,0.01,0.04,0.00,0.06,0.02,0.01,0.00,0.13,0.04,-0.04,-0.04,-0.13,-0.04,"..","..",0.19,0.06,0.24,0.12,1.03,0.39,0.14,0.01
"2007Q3",0.27,-0.62,-0.07,1.65,2.17,-0.07,0.05,-0.04,0.43,-0.06,0.55,0.98,-0.03,-0.02,0.01,0.03,0.69,0.24,-0.01,-0.01,-0.07,-0.11,0.44,-0.02,0.54,0.12,0.95,0.28,0.63,0.63,0.66,0.32,0.40,0.31,0.94,0.02,0.08,-0.11,-0.08,0.00,0.14,-0.06,"..","..",0.03,0.00,0.06,0.01,-0.08,-0.06,0.01,-0.01,0.00,0.02,2.13,0.52,2.76,0.88,0.21,0.11,0.95,0.27,0.13,0.08,0.25,0.16,1.51,1.38,"..","..",2.07,0.28,0.30,0.07,0.02,0.02,-0.20,-0.06,0.08,0.01,-0.02,0.03,-0.03,-0.03,-0.06,-0.01,0.18,0.04,-0.07,-0.01,0.01,0.00,0.05,0.00,-0.12,-0.15,0.11,0.01,-1.39,-1.21,0.01,0.00,0.05,0.02,0.09,-0.88,0.63,0.12,0.08,0.00,0.51,0.28,-0.05,-0.12,0.01,-0.92,-0.04,-0.05,-0.02,-0.01,0.09,0.04,-3.16,0.91,-0.48,0.20,0.58,0.11,0.19,0.05,0.08,0.00,0.21,0.04,-0.22,-0.01,0.38,0.42,-0.03,0.00,0.08,0.03,-0.31,-0.08,0.27,-0.05,-1.53,-0.38,-0.64,-0.22,-0.15,-0.01,0.12,0.04,-0.09,-0.06,-0.03,-0.01,0.12,-0.07,0.10,-0.02,0.49,0.08,0.34,0.29,0.12,0.03,0.29,0.13,0.44,0.15,0.15,0.08,0.19,-0.01,"..","..","..","..",0.41,0.37,-1.17,-1.12,0.51,0.00,0.17,0.00,"..","..",0.28,0.09,-0.01,0.01,-0.01,-0.07,0.32,0.05,0.03,0.04,0.04,0.00,0.07,0.02,0.02,0.01,0.02,-0.02,-0.01,0.04,-0.10,0.03,"..","..",0.19,0.00,0.25,0.04,1.17,0.29,0.09,0.04
"2007Q4",-0.58,0.75,0.21,-1.74,1.70,0.59,0.09,0.08,0.69,0.34,2.29,1.23,0.40,0.45,0.02,0.01,0.59,0.19,0.03,0.14,0.16,0.17,0.57,0.08,0.54,0.13,1.04,0.25,0.72,0.10,0.51,0.04,0.54,0.07,0.70,0.02,0.12,0.15,0.03,0.07,0.06,0.03,"..","..",-0.02,-0.03,0.06,0.00,-0.08,0.00,0.02,0.02,-0.01,-0.01,2.02,0.38,2.98,0.68,0.22,0.05,1.04,0.24,0.06,-0.02,0.19,0.00,1.55,0.18,"..","..",2.20,0.44,0.22,0.11,0.02,0.00,-0.20,-0.23,-0.01,-0.04,0.04,0.02,-0.08,-0.04,-0.03,0.03,0.15,0.05,-0.01,0.05,0.01,-0.01,0.06,0.01,-0.03,0.21,0.10,0.01,-1.10,-0.03,0.00,0.00,0.05,0.01,0.21,0.17,0.50,0.06,0.08,0.00,0.40,0.03,-0.19,-0.02,0.39,0.70,-0.08,-0.05,-0.04,-0.01,0.24,0.12,7.65,2.68,0.60,0.41,0.60,0.14,0.19,0.00,0.01,0.00,0.11,0.09,-0.51,-0.34,0.73,1.67,0.00,0.03,0.06,0.00,-0.31,-0.06,0.16,-0.10,-1.83,-0.53,-0.65,-0.20,-0.19,-0.07,0.16,0.07,-0.13,-0.06,-0.02,0.04,-0.03,0.06,0.03,0.03,0.34,0.07,0.23,-0.14,0.16,0.05,0.24,0.08,0.45,0.14,0.15,0.03,0.24,0.29,"..","..","..","..",0.62,1.10,-1.21,-0.07,0.51,0.00,0.17,0.00,"..","..",0.27,0.08,-0.01,0.00,0.05,0.06,0.31,0.05,0.01,0.00,0.04,0.00,0.09,0.02,-0.03,-0.04,0.02,0.00,-0.06,-0.06,-0.06,0.00,"..","..",0.11,0.00,0.25,0.03,1.14,0.08,0.09,0.03
"2008Q1",-0.73,0.08,0.44,-0.31,1.07,0.02,0.01,-0.08,1.32,1.00,3.24,0.99,0.86,0.49,-0.02,-0.08,0.54,0.15,-0.05,0.00,0.22,0.08,0.60,0.48,0.53,0.14,1.26,0.44,0.74,-0.08,0.54,0.13,0.54,0.07,0.84,0.77,0.17,-0.06,-0.09,-0.08,-0.03,-0.19,"..","..",-0.02,0.00,0.05,0.01,-0.11,-0.07,0.01,-0.04,0.00,-0.03,2.16,0.82,2.79,0.44,0.20,0.01,1.01,0.28,0.06,0.00,0.24,0.05,1.55,0.00,"..","..",2.03,0.29,0.45,0.26,0.02,0.00,-0.21,-0.27,0.07,0.08,0.03,0.02,-0.15,-0.13,-0.01,-0.01,0.10,0.00,-0.01,-0.13,-0.02,0.00,0.06,-0.01,0.10,-0.04,0.12,0.02,-1.17,0.00,0.00,0.00,0.04,0.00,-0.01,0.03,0.40,0.11,0.08,0.00,0.40,0.03,-0.43,-0.26,0.54,0.40,-0.06,0.00,-0.04,0.00,0.34,0.18,9.36,2.10,0.97,0.23,0.64,0.26,0.11,0.02,0.01,0.01,0.11,0.05,-0.70,-0.31,0.57,-1.34,0.00,0.00,0.05,0.00,-0.29,-0.06,0.08,0.01,-1.75,-0.35,-0.69,-0.21,-0.05,0.03,0.14,0.01,-0.11,-0.04,-0.06,-0.08,-0.02,0.00,0.11,0.07,0.41,0.20,0.07,-0.10,0.13,0.03,0.17,-0.06,0.50,0.11,0.06,-0.49,0.29,0.21,"..","..","..","..",0.12,-0.52,-1.22,0.02,0.43,0.42,0.35,0.35,"..","..",0.38,0.13,-0.01,-0.01,-0.07,-0.04,0.22,0.12,-0.01,-0.05,0.02,0.02,0.17,0.12,0.08,0.11,0.02,0.00,0.21,0.27,0.03,0.05,"..","..",0.08,0.02,0.19,0.00,0.75,-0.01,0.08,0.00
"2008Q2",-0.18,-0.38,1.15,1.55,0.82,0.28,0.07,0.10,1.88,0.62,3.48,0.28,0.90,-0.02,0.12,0.15,1.14,0.56,0.23,0.10,0.25,0.10,0.53,-0.01,0.73,0.33,1.48,0.51,0.48,-0.17,0.47,-0.02,0.48,0.03,0.82,0.01,0.03,0.05,0.11,0.12,-0.20,0.02,"..","..",-0.03,0.00,0.04,0.01,-0.12,0.01,-0.01,0.03,0.00,0.03,2.20,0.47,2.56,0.56,0.20,0.04,1.00,0.22,0.06,0.00,0.22,0.01,1.55,0.00,"..","..",2.34,1.33,0.54,0.10,0.02,0.00,-0.62,-0.07,0.11,0.07,0.09,0.02,-0.12,0.08,0.01,0.00,0.12,0.03,-0.05,0.04,-0.02,-0.01,0.03,0.02,0.01,-0.01,0.07,0.03,-1.20,0.03,0.00,0.00,0.06,0.04,-0.32,0.36,0.49,0.20,-0.15,-0.15,0.39,0.05,-0.48,-0.07,-0.12,-0.30,-0.08,0.01,-0.03,-0.01,0.43,0.09,12.72,7.04,1.98,1.14,0.74,0.24,0.09,0.02,0.01,0.00,0.13,-0.04,-0.39,0.27,0.99,0.24,0.03,0.00,0.13,0.10,-0.25,-0.04,-0.03,0.11,-1.70,-0.43,-0.75,-0.12,-0.10,-0.06,0.10,-0.01,-0.19,-0.03,-0.04,0.02,0.05,0.06,0.16,0.08,0.42,0.07,0.04,-0.01,0.15,0.04,0.08,-0.07,0.47,0.07,0.04,0.42,0.29,-0.20,"..","..","..","..",0.59,-0.36,-1.16,0.00,0.42,0.00,0.35,0.00,"..","..",0.40,0.09,0.00,0.00,0.03,0.07,0.27,0.05,-0.02,0.00,0.02,0.00,0.17,0.01,0.09,0.01,0.00,0.02,0.25,0.00,0.06,-0.02,"..","..",0.04,0.02,0.12,0.05,0.27,-0.08,0.12,0.05
"2008Q3",0.89,0.45,2.67,3.16,1.57,0.67,0.25,0.14,2.64,0.69,2.84,0.35,0.98,0.06,0.16,0.07,1.16,0.26,0.43,0.19,0.35,-0.01,0.78,0.24,0.82,0.22,1.68,0.48,0.35,0.51,0.24,0.10,0.50,0.33,0.80,0.00,-0.01,-0.15,0.07,-0.05,-0.10,0.04,-0.03,0.00,0.04,0.02,0.00,0.00,-0.07,-0.01,-0.04,-0.04,-0.01,0.01,2.31,0.63,2.44,0.76,0.20,0.10,0.81,0.07,0.10,0.12,0.12,0.06,1.33,1.15,"..","..",2.44,0.39,0.60,0.13,0.02,0.02,-0.52,0.04,-0.02,-0.13,0.01,-0.05,0.03,0.12,0.06,0.04,0.12,0.04,0.02,0.06,0.00,0.02,0.07,0.05,0.33,0.18,0.09,0.03,0.02,0.01,0.01,0.01,0.06,0.01,0.68,0.12,0.49,0.12,-0.15,0.00,0.57,0.46,-0.47,-0.12,-1.20,-2.00,-0.01,0.02,-0.01,0.01,0.55,0.16,14.46,2.65,2.08,0.31,0.77,0.13,1.11,1.08,0.03,0.02,0.18,0.09,-0.01,0.37,1.22,0.65,0.03,0.00,0.10,0.00,-0.23,-0.06,-0.30,-0.33,-2.15,-0.83,-0.76,-0.23,-0.06,0.03,-0.01,-0.07,-0.14,-0.01,-0.03,0.00,0.26,0.14,0.36,0.18,0.37,0.03,-0.04,0.21,0.16,0.03,0.14,0.19,0.42,0.10,-0.07,-0.03,0.22,-0.09,"..","..","..","..",1.39,1.17,-0.03,0.01,0.42,0.00,0.35,0.00,0.00,0.00,0.39,0.08,-0.02,-0.01,0.34,0.24,0.35,0.13,-0.07,-0.02,0.02,0.00,0.20,0.05,0.13,0.05,0.02,0.00,0.35,0.14,0.02,0.00,"..","..",0.05,0.01,0.13,0.05,-0.40,-0.38,0.13,0.05
"2008Q4",1.36,1.22,1.46,-2.95,2.88,1.90,0.32,0.16,3.35,1.05,1.94,0.32,0.58,0.05,0.18,0.04,1.21,0.24,0.57,0.28,0.32,0.15,0.68,-0.02,0.89,0.20,1.67,0.24,0.37,0.12,0.31,0.11,0.49,0.05,0.78,0.00,0.02,0.18,0.19,0.20,-0.12,0.01,-0.01,-0.01,0.01,0.01,0.06,0.01,-0.04,0.03,-0.03,0.03,-0.02,-0.02,2.24,0.31,1.61,-0.16,0.31,0.16,0.77,0.20,0.17,0.05,0.13,0.01,1.40,0.25,"..","..",2.76,0.76,0.51,0.02,0.02,0.00,-0.04,0.26,-0.07,-0.09,0.12,0.13,0.02,-0.05,0.03,0.00,0.08,0.01,-0.01,0.02,0.06,0.04,0.17,0.11,-0.02,-0.15,0.08,-0.01,0.06,0.01,0.01,0.00,0.07,0.02,0.79,0.28,0.47,0.04,-0.15,0.00,0.55,0.00,-0.32,0.13,-1.60,0.30,0.02,-0.01,0.04,0.05,0.42,-0.01,-1.81,-13.59,0.08,-1.60,0.75,0.12,1.12,0.01,0.07,0.04,0.16,0.07,0.36,0.04,0.83,1.28,0.01,0.01,0.10,0.00,-0.31,-0.15,-0.19,0.01,-2.09,-0.47,-0.71,-0.15,-0.11,-0.11,0.04,0.11,-0.11,-0.02,-0.03,0.04,0.32,0.13,0.36,0.03,0.47,0.17,0.21,0.11,0.14,0.03,0.30,0.24,0.38,0.10,-0.01,0.09,0.29,0.36,"..","..","..","..",1.11,0.83,0.07,0.03,0.42,0.00,0.35,0.00,0.00,0.00,0.35,0.05,-0.04,-0.02,0.30,0.03,0.32,0.02,-0.04,0.03,0.24,0.22,0.28,0.10,0.23,0.06,0.04,0.02,0.54,0.14,0.05,0.02,"..","..",0.05,0.01,0.11,0.01,-0.72,-0.25,0.17,0.07
"2009Q1",2.07,0.79,0.88,-0.88,3.05,0.19,0.53,0.13,2.94,0.58,0.84,-0.11,0.15,0.07,0.44,0.18,1.28,0.22,0.72,0.16,0.40,0.15,0.75,0.55,0.93,0.18,1.45,0.22,0.60,0.14,0.34,0.16,0.43,0.02,0.98,0.97,-0.01,-0.10,0.20,-0.07,0.05,-0.03,-0.05,-0.04,0.01,0.01,0.06,0.01,0.00,-0.03,0.01,0.00,0.03,0.01,1.68,0.26,1.20,0.03,0.36,0.06,0.49,-0.01,0.17,0.00,0.11,0.03,1.40,0.00,"..","..",2.70,0.22,0.21,-0.05,0.02,0.00,0.19,-0.04,-0.08,0.06,0.06,-0.04,0.07,-0.09,0.08,0.03,0.08,0.00,0.00,-0.12,0.14,0.09,0.28,0.11,0.18,0.15,0.03,-0.03,0.16,0.10,0.01,0.00,0.07,0.01,0.92,0.16,0.50,0.15,-0.15,0.00,0.51,0.00,0.48,0.54,-1.20,0.80,0.04,0.02,0.11,0.07,0.77,0.53,-4.32,-0.42,-0.99,-0.84,0.65,0.15,1.13,0.03,0.06,0.00,0.05,-0.07,0.62,-0.05,-1.08,-3.25,0.01,0.00,0.10,0.00,-0.26,-0.02,-0.21,-0.01,-2.04,-0.31,-0.45,0.04,-0.13,0.01,0.16,0.12,-0.07,0.00,0.01,-0.05,0.40,0.07,0.56,0.26,0.42,0.15,0.18,-0.13,0.12,0.02,0.36,0.00,0.34,0.07,0.24,-0.24,0.22,0.14,"..","..","..","..",0.85,-0.78,0.09,0.04,0.34,0.34,0.39,0.39,0.02,0.02,0.26,0.04,-0.04,-0.01,0.50,0.17,0.37,0.17,-0.03,-0.03,0.51,0.29,0.18,0.01,0.12,0.01,0.04,0.00,0.31,0.04,0.04,0.04,"..","..",0.07,0.03,0.12,0.01,-0.84,-0.13,0.22,0.05
"2009Q2",1.72,-0.73,0.38,1.05,3.07,0.31,0.50,0.07,2.68,0.37,0.09,-0.47,0.00,-0.17,0.49,0.21,1.09,0.37,0.74,0.12,0.44,0.14,0.92,0.16,0.75,0.15,1.15,0.21,1.34,0.57,0.14,-0.22,0.44,0.04,0.96,-0.01,0.23,0.29,0.30,0.22,0.21,0.19,-0.03,0.02,0.02,0.00,0.05,0.00,0.00,0.01,0.13,0.15,0.01,0.01,1.38,0.18,0.71,0.08,0.38,0.05,0.35,0.08,0.17,0.00,0.03,-0.07,1.40,0.00,"..","..",2.02,0.65,0.13,0.03,0.06,0.04,0.56,0.30,-0.25,-0.10,0.11,0.07,0.29,0.31,0.10,0.03,0.03,-0.02,-0.01,0.03,0.29,0.14,0.33,0.07,0.18,0.00,0.01,0.01,0.26,0.14,0.01,0.00,0.04,0.01,0.74,0.18,0.42,0.13,0.03,0.03,0.48,0.02,1.14,0.59,0.19,1.09,0.11,0.08,0.11,-0.01,0.75,0.07,-9.87,1.49,-2.14,-0.01,0.73,0.33,1.15,0.04,0.06,0.00,0.08,-0.01,0.21,-0.14,-3.69,-2.37,-0.06,-0.07,0.00,0.00,-0.23,-0.01,-0.09,0.23,-1.69,-0.08,-0.24,0.10,-0.15,-0.08,0.24,0.06,0.03,0.07,0.03,0.04,0.28,-0.05,0.86,0.39,0.38,0.03,0.25,0.06,0.09,0.00,0.53,0.09,0.33,0.07,0.24,0.42,-0.01,-0.43,"..","..","..","..",-0.68,-1.90,0.08,0.00,0.34,0.00,0.39,0.00,0.00,0.00,0.22,0.06,-0.01,0.03,0.72,0.28,0.38,0.05,-0.01,0.02,0.51,0.00,0.19,0.03,0.13,0.01,0.22,0.20,0.37,0.06,0.06,0.00,"..","..",0.10,0.05,0.08,0.01,-0.74,0.02,0.19,0.02
"2009Q3",0.84,-0.44,-0.53,2.25,2.68,0.28,0.43,0.07,2.05,0.05,-0.57,-0.32,-0.07,-0.02,0.67,0.25,1.23,0.40,0.69,0.14,0.36,-0.09,1.24,0.56,0.58,0.04,0.93,0.26,1.50,0.67,0.27,0.22,0.51,0.40,0.79,-0.17,0.12,-0.26,0.38,0.04,0.23,0.05,-0.01,0.02,0.03,0.00,0.04,0.00,0.05,0.04,0.17,0.00,0.04,0.04,0.96,0.21,0.01,0.06,0.27,-0.01,0.14,-0.14,0.15,0.10,0.03,0.06,1.69,1.45,"..","..",1.71,0.07,0.03,0.03,0.04,0.01,0.05,-0.47,-0.06,0.07,0.12,-0.05,0.13,-0.05,0.07,0.01,0.00,0.01,0.05,0.12,0.27,0.00,0.31,0.03,0.18,0.18,-0.03,-0.01,0.28,0.03,0.01,0.00,0.03,0.00,0.86,0.23,0.47,0.16,0.03,0.00,0.39,0.37,1.49,0.23,2.99,0.79,0.12,0.03,0.09,-0.01,0.59,0.00,-11.53,0.98,-2.29,0.15,0.70,0.10,1.26,1.19,0.04,0.00,0.08,0.09,-0.21,-0.06,-2.77,1.56,-0.11,-0.05,0.00,0.00,-0.19,-0.02,0.19,-0.04,-1.06,-0.20,-0.16,-0.16,-0.24,-0.06,0.31,0.01,0.04,-0.01,0.04,0.01,0.25,0.11,0.76,0.07,0.39,0.03,0.28,0.24,0.07,0.01,0.51,0.17,0.34,0.11,0.33,0.06,-0.01,-0.08,"..","..","..","..",-1.23,0.62,0.08,0.01,0.34,0.00,0.39,0.00,0.00,0.00,0.23,0.09,0.01,0.01,0.42,-0.06,0.38,0.13,0.04,0.03,0.51,0.00,0.22,0.08,0.11,0.03,0.26,0.04,0.20,-0.03,0.06,0.00,"..","..",0.12,0.03,0.05,0.02,-0.20,0.15,0.17,0.03
"2009Q4",-0.60,-0.23,-0.82,-3.24,-0.12,-0.89,0.26,-0.01,0.68,-0.32,-0.94,-0.05,-0.20,-0.07,0.45,-0.19,0.69,-0.29,0.50,0.08,0.20,-0.01,1.33,0.06,0.49,0.12,0.72,0.03,0.95,-0.43,-0.02,-0.19,0.42,-0.04,0.75,-0.05,0.18,0.24,0.70,0.51,0.34,0.12,-0.02,-0.03,0.03,0.01,0.02,0.00,0.00,-0.02,0.17,0.02,0.05,-0.02,0.86,0.21,0.44,0.27,0.09,-0.02,-0.04,0.02,0.10,0.00,0.01,-0.01,1.53,0.09,"..","..",0.84,-0.11,0.06,0.05,0.04,0.00,0.03,0.24,0.02,-0.01,0.02,0.04,0.23,0.05,0.09,0.02,-0.01,0.00,-0.11,-0.14,0.25,0.02,0.11,-0.10,0.10,-0.23,0.00,0.03,0.35,0.08,0.01,0.00,-0.01,-0.02,0.78,0.20,0.44,0.01,0.03,0.00,0.45,0.06,1.41,0.05,3.10,0.41,0.14,0.00,0.03,-0.02,0.57,-0.02,1.59,-0.47,-0.69,0.01,0.60,0.02,1.39,0.13,0.00,0.00,0.03,0.02,-0.40,-0.15,-1.88,2.17,0.01,0.13,0.06,0.06,-0.14,-0.09,0.00,-0.18,-1.39,-0.80,-0.36,-0.35,-0.01,0.12,0.19,-0.01,-0.09,-0.15,0.16,0.16,0.21,0.09,0.83,0.10,0.34,0.12,0.19,0.01,0.05,0.01,0.14,-0.14,0.28,0.04,0.27,0.02,-0.05,0.32,"..","..","..","..",-1.17,0.89,0.04,-0.01,0.34,0.00,0.39,0.00,0.00,0.00,0.26,0.08,0.04,0.01,0.36,-0.03,0.36,0.00,0.02,0.00,0.29,0.00,0.17,0.05,0.26,0.21,0.24,0.00,0.06,0.00,-0.42,-0.45,"..","..",0.11,0.00,0.08,0.03,0.17,0.12,0.12,0.01
"2010Q1",-0.77,0.62,0.03,-0.03,0.14,0.45,0.14,0.01,-0.25,-0.35,0.11,0.94,-0.12,0.15,0.37,0.09,0.47,-0.01,0.40,0.05,0.07,0.03,0.67,-0.11,0.36,0.06,0.64,0.14,0.99,0.18,-0.01,0.17,0.57,0.17,0.14,0.36,0.05,-0.22,0.63,-0.14,0.34,-0.02,-0.03,-0.04,0.02,0.00,0.01,0.00,-0.01,-0.03,0.14,-0.03,-0.04,-0.07,0.96,0.37,0.52,0.11,-0.05,-0.07,0.06,0.09,0.10,0.00,-0.02,0.00,1.53,0.00,"..","..",0.66,0.04,0.19,0.08,0.04,0.00,-0.43,-0.50,0.01,0.06,0.00,-0.07,0.11,-0.20,0.04,-0.02,0.00,0.00,-0.04,-0.06,0.14,-0.02,0.01,0.01,-0.03,0.03,0.05,0.02,0.44,0.19,0.01,0.00,-0.03,-0.01,0.87,0.26,0.38,0.08,0.03,0.00,0.46,0.01,0.73,-0.14,2.40,0.10,0.11,-0.01,-0.04,0.00,-0.02,-0.06,5.37,3.37,0.41,0.25,0.57,0.12,1.37,0.01,0.01,0.01,0.10,0.00,-0.62,-0.27,-0.12,-1.49,0.01,0.00,0.06,0.00,-0.23,-0.11,-0.15,-0.16,-1.70,-0.61,-0.62,-0.21,-0.10,-0.08,0.05,-0.02,-0.16,-0.07,0.15,-0.05,0.19,0.05,0.56,0.00,0.27,0.08,0.29,-0.03,0.05,0.02,0.08,-0.05,0.23,0.01,0.21,-0.29,-0.03,0.16,"..","..","..","..",-0.71,-0.32,0.03,0.03,0.24,0.24,0.59,0.59,0.09,0.09,0.25,0.03,-0.05,-0.10,0.06,-0.13,0.22,0.04,0.02,-0.03,-0.06,-0.06,0.16,0.01,0.21,-0.03,0.24,0.00,0.04,0.01,-0.68,-0.23,"..","..",0.08,0.00,0.08,0.01,0.47,0.17,0.08,0.01
"2010Q2",-0.72,-0.68,-1.04,-0.02,-1.15,-0.99,-0.11,-0.18,-0.68,-0.07,0.59,0.01,0.26,0.21,0.16,-0.01,0.04,-0.06,0.00,-0.28,-0.26,-0.19,0.68,0.17,0.27,0.05,0.58,0.15,0.77,0.35,0.33,0.12,0.64,0.11,2.21,2.07,-0.09,0.15,0.39,-0.01,0.13,-0.03,0.02,0.07,0.01,0.00,0.02,0.02,0.03,0.04,0.03,0.03,0.00,0.05,1.20,0.42,0.71,0.27,0.06,0.15,0.02,0.05,0.10,0.00,0.05,0.00,1.53,0.00,"..","..",0.40,0.40,0.18,0.01,0.02,0.01,-0.78,-0.04,0.10,-0.02,-0.06,0.02,-0.21,-0.01,0.01,0.00,0.04,0.02,0.02,0.09,0.02,0.02,-0.06,0.00,-0.27,-0.25,0.02,-0.03,0.21,-0.10,0.01,0.00,-0.03,0.01,1.01,0.32,0.34,0.09,0.02,0.02,0.49,0.05,0.09,-0.05,1.95,0.65,0.02,0.00,-0.05,-0.02,-0.19,-0.10,4.57,0.69,0.63,0.22,0.34,0.10,1.33,0.00,0.02,0.01,0.12,0.01,-0.59,-0.11,2.27,0.03,0.10,0.02,0.06,0.00,-0.29,-0.07,-0.45,-0.07,-2.10,-0.49,-0.83,-0.11,-0.10,-0.08,0.00,0.01,-0.18,0.05,0.11,-0.01,0.25,0.01,0.21,0.05,0.31,0.07,0.22,-0.01,0.06,0.02,-0.15,-0.14,0.23,0.06,0.05,0.26,0.02,-0.39,"..","..","..","..",1.09,-0.09,0.05,0.02,0.24,0.00,0.59,0.00,0.09,0.00,0.27,0.08,-0.07,0.01,-0.38,-0.16,0.14,-0.03,0.02,0.02,-0.15,-0.09,0.15,0.01,0.20,0.00,0.28,0.24,0.03,0.05,-0.72,-0.04,"..","..",0.04,0.01,0.07,0.00,0.51,0.07,0.07,0.01
"2010Q3",0.01,0.29,-0.31,2.99,-1.03,0.40,0.00,0.18,-1.00,-0.27,1.94,1.04,0.24,-0.04,-0.13,-0.04,-0.15,0.21,-0.08,0.07,-0.14,0.02,0.02,-0.09,0.36,0.13,0.41,0.09,0.53,0.43,0.25,0.15,0.49,0.25,3.40,1.02,0.04,-0.13,0.28,-0.07,0.01,-0.06,-0.05,-0.04,0.01,0.00,0.03,0.01,-0.04,-0.03,0.02,-0.01,-0.05,0.00,1.38,0.39,0.94,0.28,0.31,0.25,0.22,0.06,0.10,0.10,0.00,0.01,1.31,1.23,"..","..",1.46,1.13,0.19,0.04,0.03,0.01,-0.37,-0.06,0.09,0.06,-0.18,-0.17,-0.29,-0.13,-0.06,-0.06,0.03,0.00,-0.11,-0.01,0.03,0.01,-0.14,-0.06,-0.39,0.06,0.03,0.01,0.24,0.06,0.00,0.00,-0.05,-0.02,1.06,0.29,0.21,0.03,0.02,0.00,0.35,0.23,-0.15,0.00,0.46,0.55,-0.02,-0.02,-0.07,-0.03,-0.20,-0.01,2.89,-0.69,0.49,0.01,0.29,0.05,1.30,1.16,0.02,0.00,0.12,0.10,-0.47,0.07,1.21,0.50,0.15,0.00,0.06,0.00,-0.35,-0.08,-0.34,0.06,-2.16,-0.26,-0.67,0.01,0.04,0.08,-0.02,0.00,-0.26,-0.09,0.06,-0.04,0.17,0.02,0.19,0.05,0.39,0.11,0.14,0.17,0.09,0.05,-0.11,0.21,0.25,0.13,-0.02,-0.01,-0.05,-0.15,"..","..","..","..",0.57,0.10,0.09,0.05,0.24,0.00,0.59,0.00,0.09,0.00,0.32,0.14,-0.05,0.02,-0.24,0.07,0.05,0.04,-0.03,-0.02,-0.06,0.09,0.08,0.00,0.17,0.00,0.29,0.04,0.04,-0.02,-0.72,0.00,"..","..",0.02,0.01,0.11,0.05,0.31,-0.05,0.08,0.04
"2010Q4",0.57,0.34,2.35,-0.59,0.65,0.79,0.06,0.05,-0.20,0.48,2.43,0.44,0.43,0.11,0.06,0.01,0.80,0.66,0.24,0.40,-0.08,0.06,0.48,0.51,0.68,0.44,0.92,0.54,1.48,0.51,0.49,0.05,0.78,0.24,3.99,0.54,-0.14,0.06,-0.49,-0.27,-0.07,0.04,0.01,0.03,0.01,0.01,0.07,0.05,0.02,0.04,0.00,0.01,-0.02,0.01,1.34,0.17,1.87,1.21,0.53,0.20,1.13,0.93,0.16,0.06,0.03,0.02,1.92,0.69,"..","..",2.26,0.69,0.23,0.09,0.03,0.00,-0.22,0.39,0.20,0.10,-0.01,0.21,-0.24,0.10,-0.03,0.05,0.07,0.04,0.01,-0.01,0.06,0.06,-0.01,0.03,-0.17,-0.01,0.11,0.10,0.23,0.07,0.01,0.01,0.04,0.06,2.01,1.15,0.62,0.41,0.77,0.75,0.42,0.13,0.11,0.31,0.79,0.74,0.06,0.09,-0.01,0.03,-0.12,0.05,6.88,3.52,0.78,0.30,0.61,0.35,1.63,0.46,0.05,0.03,0.24,0.14,0.14,0.45,-0.04,0.93,0.03,0.01,0.14,0.14,-0.36,-0.10,0.03,0.20,-1.49,-0.12,-0.45,-0.12,-0.06,0.01,0.06,0.07,-0.11,0.00,-0.08,0.02,0.14,0.06,0.22,0.13,0.44,0.17,0.42,0.29,0.17,0.08,-0.10,-0.12,0.49,0.29,0.07,0.11,0.12,0.49,"..","..","..","..",1.29,1.61,0.20,0.10,0.24,0.00,0.59,0.00,0.09,0.00,0.51,0.26,-0.06,0.01,-0.02,0.19,0.14,0.09,-0.02,0.02,-0.06,0.00,0.08,0.05,0.06,0.10,0.38,0.09,0.13,0.09,-0.18,0.09,"..","..",0.04,0.02,0.14,0.07,0.36,0.18,0.15,0.09
"2011Q1",0.68,0.73,1.84,-0.54,1.03,0.83,-0.02,-0.07,0.47,0.32,1.77,0.28,0.26,-0.02,0.11,0.14,1.02,0.21,0.17,-0.01,0.07,0.18,0.70,0.12,0.70,0.08,1.09,0.30,1.33,0.04,0.43,0.11,0.71,0.10,6.22,2.59,-0.11,-0.20,-0.39,-0.04,-0.15,-0.09,-0.04,-0.10,0.01,0.00,0.09,0.01,0.02,-0.03,0.00,-0.03,0.00,-0.05,1.49,0.52,1.74,-0.02,0.54,-0.06,1.46,0.42,0.16,0.00,0.05,0.01,1.92,0.00,"..","..",2.39,0.17,0.25,0.11,0.03,0.00,-0.34,-0.62,0.11,-0.03,0.01,-0.05,-0.22,-0.19,-0.03,-0.03,0.07,-0.01,-0.14,-0.21,0.08,0.00,-0.02,0.00,-0.14,0.06,0.10,0.02,0.11,0.07,0.01,0.00,0.06,0.01,1.95,0.20,0.71,0.18,0.77,0.00,0.41,0.00,0.21,-0.04,0.44,-0.25,0.05,-0.01,-0.02,-0.01,0.02,0.08,8.89,5.37,1.21,0.68,0.65,0.16,1.64,0.02,0.04,0.00,0.34,0.10,0.54,0.14,-0.20,-1.65,0.03,0.00,0.15,0.01,-0.32,-0.08,-0.03,-0.22,-1.29,-0.42,-0.31,-0.07,0.03,0.01,0.06,-0.03,-0.10,-0.06,-0.12,-0.09,0.18,0.09,0.19,-0.03,0.40,0.05,0.42,-0.03,0.15,0.01,0.04,0.09,0.33,-0.14,0.10,-0.26,0.21,0.25,"..","..","..","..",0.45,-1.16,0.32,0.15,0.39,0.39,0.63,0.63,0.03,0.03,0.54,0.05,0.02,-0.02,0.18,0.07,0.17,0.07,-0.01,-0.03,0.20,0.19,0.09,0.03,0.19,0.09,0.38,0.00,0.04,-0.08,0.06,0.01,"..","..",0.04,0.00,0.16,0.03,0.13,-0.06,0.19,0.05
"2011Q2",0.23,-1.12,2.99,1.13,2.06,0.04,0.15,-0.01,1.26,0.72,1.75,-0.01,0.19,0.14,0.36,0.24,1.36,0.28,0.35,-0.10,0.50,0.24,1.10,0.56,0.76,0.11,1.10,0.16,0.96,-0.02,0.03,-0.27,0.43,-0.17,4.15,0.00,-0.16,0.10,-0.45,-0.08,-0.02,0.10,-0.03,0.08,0.01,0.00,0.07,0.00,-0.02,0.01,0.17,0.20,-0.03,0.02,1.59,0.51,2.02,0.55,0.41,0.02,1.53,0.12,0.16,0.00,0.06,0.01,1.92,0.00,"..","..",3.15,1.16,0.23,0.00,0.04,0.03,-0.24,0.06,0.46,0.32,0.21,0.22,-0.23,-0.02,-0.08,-0.04,0.02,-0.02,-0.06,0.16,0.02,-0.04,-0.01,0.02,0.19,0.08,0.14,0.01,0.15,-0.05,0.01,0.00,0.05,0.00,1.75,0.12,0.72,0.10,0.75,0.00,0.41,0.05,0.24,-0.02,1.71,0.66,0.05,0.00,-0.07,-0.07,0.06,-0.06,10.63,2.43,1.39,0.40,0.60,0.04,1.64,0.00,0.04,0.01,0.29,-0.05,1.22,0.56,0.88,1.10,0.01,0.00,0.15,0.00,-0.34,-0.09,-0.27,-0.31,-0.96,-0.16,-0.27,-0.08,0.04,-0.06,0.13,0.08,-0.14,0.01,-0.17,-0.05,0.14,-0.04,0.31,0.17,0.42,0.08,0.71,0.29,0.15,0.01,0.22,0.04,0.31,0.04,0.13,0.29,0.17,-0.42,"..","..","..","..",0.75,0.20,0.32,0.02,0.39,0.00,0.63,0.00,0.03,0.00,0.45,0.00,0.03,0.02,0.45,0.11,0.29,0.09,-0.04,-0.01,0.13,-0.15,0.08,0.00,0.20,0.01,0.34,0.21,0.00,0.02,0.11,0.01,"..","..",0.10,0.07,0.18,0.03,0.10,0.04,0.17,0.00
"2011Q3",-0.50,-0.45,3.01,3.01,1.82,0.16,0.12,0.15,1.65,0.12,0.86,0.15,0.21,-0.02,0.45,0.06,1.28,0.13,0.37,0.08,0.49,0.02,1.16,-0.03,0.73,0.10,1.10,0.10,0.95,0.43,-0.08,0.03,0.42,0.25,3.14,0.01,-0.16,-0.12,-0.21,0.18,0.03,-0.01,-0.01,-0.03,0.01,0.00,0.07,0.01,-0.01,-0.03,0.16,-0.02,0.03,0.05,1.66,0.46,2.08,0.34,0.31,0.15,1.28,-0.18,0.19,0.12,0.09,0.04,1.79,1.09,0.00,0.00,1.89,-0.14,0.15,-0.05,0.05,0.02,-0.18,0.00,0.49,0.09,0.46,0.09,0.00,0.10,0.05,0.07,0.04,0.02,0.02,0.08,0.02,0.01,0.02,-0.03,0.04,-0.09,0.14,0.01,0.13,0.04,0.01,0.00,0.07,0.00,1.60,0.13,0.78,0.09,0.76,0.02,0.47,0.29,0.25,0.01,1.56,0.40,0.04,-0.04,-0.03,0.01,0.35,0.29,9.27,-2.05,1.03,-0.36,0.66,0.11,0.49,0.01,0.03,-0.01,0.52,0.33,1.29,0.14,-0.30,-0.69,0.02,0.01,0.16,0.01,-0.47,-0.21,-1.58,-1.25,-1.26,-0.57,-0.55,-0.28,-0.02,0.02,0.11,-0.01,-0.22,-0.16,-0.15,-0.02,0.16,0.04,0.41,0.15,0.38,0.08,0.71,0.16,0.11,0.01,-0.05,-0.06,0.22,0.04,0.15,0.01,0.39,0.07,"..","..","..","..",0.59,-0.05,0.33,0.06,0.39,0.00,0.63,0.00,0.03,0.00,0.34,0.03,0.02,0.02,0.36,-0.01,0.32,0.07,-0.01,0.01,0.05,0.02,0.35,0.27,0.34,0.14,0.35,0.05,0.09,0.07,0.23,0.13,"..","..",0.10,0.00,0.22,0.10,0.18,0.03,0.15,0.02
"2011Q4",-0.65,0.20,-1.32,-4.92,0.73,-0.30,0.14,0.07,1.20,0.03,0.11,-0.31,-0.05,-0.15,0.27,-0.17,0.93,0.31,0.11,0.14,0.50,0.07,0.47,-0.18,0.39,0.10,0.70,0.14,0.37,-0.07,0.00,0.13,0.01,-0.17,2.60,0.00,-0.15,0.07,-0.14,-0.20,0.01,0.02,-0.01,0.03,0.03,0.03,0.02,0.00,-0.07,-0.02,0.13,-0.02,0.01,-0.01,1.81,0.32,1.10,0.23,0.11,0.00,0.63,0.27,0.09,-0.03,0.11,0.04,1.22,0.13,-0.01,-0.01,0.99,-0.21,0.06,0.01,0.05,0.00,-0.90,-0.33,0.39,0.00,0.22,-0.03,-0.14,-0.04,-0.07,-0.07,0.00,0.01,-0.23,-0.27,0.02,0.06,-0.01,-0.07,0.00,-0.05,0.06,0.02,0.07,0.01,0.01,0.00,0.01,0.01,0.64,0.19,0.46,0.10,0.04,0.02,0.34,0.00,-0.13,-0.07,1.26,0.45,-0.04,0.01,-0.07,0.00,0.37,0.06,6.28,0.53,0.97,0.25,0.36,0.05,0.01,-0.01,0.00,-0.01,0.32,-0.05,1.01,0.17,-0.22,1.02,0.02,0.00,0.07,0.05,-0.55,-0.17,-3.04,-1.26,-1.48,-0.33,-0.63,-0.19,-0.07,-0.03,0.00,-0.04,-0.48,-0.26,-0.17,-0.02,0.13,0.03,0.20,-0.09,0.25,0.04,0.82,0.40,0.02,-0.01,0.12,0.05,-0.07,0.00,0.01,-0.03,0.08,0.19,"..","..","..","..",-0.61,0.41,0.26,0.03,0.39,0.00,0.63,0.00,0.03,0.00,0.15,0.07,-0.03,-0.04,0.16,-0.12,0.24,0.01,-0.05,-0.02,0.06,0.00,0.37,0.07,0.27,0.02,0.28,0.02,0.04,0.03,0.17,0.02,"..","..",0.16,0.09,0.18,0.03,0.07,0.07,0.07,0.01
"2012Q1",-0.61,0.77,-1.27,-0.50,-0.06,0.04,0.14,-0.07,1.01,0.14,-0.32,-0.16,-0.10,-0.07,0.28,0.15,0.69,-0.03,0.24,0.12,0.31,-0.02,0.31,-0.04,0.32,0.00,0.50,0.10,0.46,0.12,0.20,0.31,-0.09,0.00,3.32,3.31,-0.07,-0.12,-0.07,0.04,0.06,-0.04,0.03,-0.05,0.05,0.02,0.02,0.00,-0.06,-0.02,0.10,-0.06,-0.01,-0.08,2.23,0.93,1.42,0.30,0.20,0.02,0.70,0.49,0.09,0.00,0.10,0.01,1.22,0.00,-0.01,0.00,0.85,0.03,-0.02,0.03,0.05,0.00,-0.46,-0.19,0.45,0.03,0.38,0.10,-0.05,-0.10,0.00,0.04,0.01,0.00,0.22,0.25,-0.02,-0.04,-0.02,0.06,-0.05,0.01,0.05,0.00,-0.05,-0.05,0.01,0.00,0.02,0.01,0.57,0.13,0.34,0.06,0.04,0.00,0.34,0.00,-0.11,-0.02,2.17,0.65,-0.05,-0.03,-0.03,0.03,0.32,0.03,2.28,1.38,0.30,0.01,0.22,0.02,0.00,0.00,0.00,0.00,0.21,-0.02,1.09,0.22,-0.27,-1.71,0.02,0.00,0.06,0.01,-0.66,-0.18,-2.74,0.08,-1.62,-0.56,-0.56,-0.01,-0.14,-0.06,0.02,-0.01,-0.56,-0.14,-0.12,-0.02,0.10,0.06,0.49,0.26,0.23,0.03,0.72,-0.13,0.02,0.01,-0.62,-0.65,0.08,0.01,0.12,-0.15,-0.01,0.16,"..","..","..","..",-0.77,-1.33,0.18,0.07,0.26,0.26,0.33,0.33,0.02,0.02,0.13,0.03,-0.01,-0.01,0.04,0.06,0.32,0.15,-0.05,-0.03,0.01,0.14,0.82,0.47,0.28,0.11,0.28,0.00,0.12,0.00,0.16,0.00,"..","..",0.16,0.00,0.17,0.02,0.23,0.10,0.03,0.00
"2012Q2",0.12,-0.39,-0.85,1.55,-0.32,-0.22,0.19,0.04,0.11,-0.18,-0.83,-0.52,-0.36,-0.12,0.12,0.07,0.59,0.18,0.15,-0.19,-0.07,-0.13,-0.30,-0.05,0.30,0.09,0.36,0.02,1.11,0.63,0.40,-0.07,0.14,0.06,3.32,0.00,-0.03,0.14,-0.16,-0.17,0.02,0.05,0.01,0.06,0.05,0.01,0.02,0.00,-0.04,0.03,-0.20,-0.10,0.05,0.08,2.28,0.56,1.30,0.43,0.19,0.02,0.43,-0.15,0.09,0.00,0.10,0.01,1.22,0.00,-0.01,0.00,1.67,1.99,-0.04,-0.02,0.04,0.02,-0.35,0.17,0.14,0.02,0.20,0.04,-0.01,0.03,-0.06,-0.10,0.03,0.00,-0.03,-0.09,0.02,-0.01,-0.14,-0.10,-0.16,-0.03,0.09,0.06,0.09,0.10,0.01,0.00,0.02,0.00,0.60,0.15,0.28,0.04,0.05,0.02,0.29,0.00,-0.17,-0.08,1.25,-0.25,-0.05,0.01,0.01,-0.03,0.43,0.05,0.09,0.23,-0.16,-0.06,0.29,0.11,0.03,0.04,0.00,0.01,0.12,-0.14,0.61,0.08,-0.98,0.40,0.02,0.00,0.03,0.01,-0.63,-0.06,-3.32,-0.89,-1.76,-0.29,-0.63,-0.15,-0.13,-0.05,-0.08,-0.01,-0.42,0.14,-0.09,-0.02,0.12,-0.02,0.19,-0.14,0.16,0.01,0.41,-0.03,0.02,0.01,-0.58,0.08,0.08,0.03,-0.02,0.14,0.21,-0.21,"..","..","..","..",-0.73,0.25,0.18,0.01,0.26,0.00,0.35,0.00,0.02,0.00,0.17,0.04,-0.03,0.00,-0.05,0.02,0.28,0.05,-0.03,0.01,0.16,0.00,0.82,0.01,0.27,0.00,0.19,0.11,0.10,0.00,0.33,0.18,"..","..",0.14,0.05,0.18,0.03,0.24,0.04,0.03,0.00
"2012Q3",0.71,0.14,-0.67,3.20,-0.46,0.03,0.07,0.02,-0.17,-0.16,-1.47,-0.49,-0.52,-0.18,-0.08,-0.14,0.10,-0.36,0.12,0.05,-0.01,0.07,-0.23,0.04,0.31,0.11,0.32,0.06,0.91,0.22,0.26,-0.11,-0.01,0.10,3.32,0.00,-0.10,-0.19,-0.28,0.06,-0.03,-0.06,0.01,-0.03,0.05,0.00,0.02,0.01,-0.05,-0.03,-0.16,0.01,0.03,0.03,2.44,0.62,1.44,0.48,0.05,0.01,0.31,-0.31,0.06,0.09,0.10,0.04,1.14,1.01,-0.01,0.00,2.00,0.20,-0.01,-0.02,0.03,0.01,0.11,0.47,0.02,-0.03,-0.10,-0.21,-0.27,-0.16,-0.13,0.00,0.02,0.00,-0.09,0.02,0.00,-0.01,-0.06,0.05,-0.04,0.02,0.11,0.03,0.05,0.00,0.01,0.01,0.04,0.02,0.80,0.33,0.26,0.06,0.04,0.00,0.18,0.18,-0.22,-0.04,0.15,-0.70,-0.03,-0.01,0.00,0.00,0.16,0.02,1.56,-0.58,0.18,-0.01,0.17,-0.01,0.10,0.07,0.04,0.04,-0.29,-0.08,-0.23,-0.70,-0.25,0.04,0.00,0.00,0.10,0.08,-0.50,-0.08,-2.65,-0.58,-1.53,-0.35,-0.47,-0.12,-0.19,-0.05,-0.04,0.03,-0.27,-0.01,-0.02,0.05,0.06,-0.01,0.00,-0.04,0.17,0.09,0.38,0.14,0.02,0.01,-0.65,-0.13,0.13,0.09,0.00,0.04,0.14,0.00,"..","..","..","..",-0.57,0.10,0.14,0.02,0.26,0.00,0.33,0.00,0.02,0.00,0.22,0.08,-0.04,0.01,-0.06,-0.02,0.26,0.05,-0.06,-0.02,0.26,0.11,1.07,0.52,0.17,0.04,0.14,0.00,0.00,-0.03,0.24,0.03,"..","..",0.14,0.00,0.11,0.03,0.24,0.04,0.03,0.02
"2012Q4",0.85,0.34,1.12,-3.13,-0.25,-0.09,-0.11,-0.10,-0.65,-0.45,-1.48,-0.32,-0.41,-0.04,-0.12,-0.20,-0.15,0.06,0.07,0.09,-0.16,-0.08,0.00,0.06,0.23,0.02,0.10,-0.08,0.75,-0.22,0.07,-0.06,0.15,0.00,3.31,0.00,-0.11,0.06,-0.09,-0.02,-0.11,-0.07,-0.04,-0.01,0.02,0.00,0.03,0.01,-0.05,-0.03,-0.12,0.03,0.02,-0.02,2.49,0.37,1.45,0.25,0.08,0.03,0.75,0.71,0.09,0.00,0.08,0.02,1.21,0.19,0.00,0.00,2.28,0.07,0.06,0.07,0.03,0.00,-0.28,-0.72,0.04,0.02,0.01,0.08,-0.35,-0.12,-0.10,-0.03,0.01,0.00,0.15,-0.03,-0.02,0.03,0.02,0.00,-0.12,-0.13,0.09,0.01,0.05,0.00,0.01,0.00,0.05,0.02,0.99,0.38,0.21,0.05,0.24,0.23,0.20,0.02,-0.34,-0.20,-0.22,0.08,-0.02,0.01,0.00,0.00,0.06,-0.04,0.56,-0.47,-0.04,0.02,0.14,0.02,-0.08,-0.19,0.13,0.08,-0.10,0.14,-0.52,-0.12,0.45,1.72,0.00,0.00,0.10,0.01,-0.47,-0.14,-1.96,-0.57,-1.43,-0.23,-0.49,-0.21,-0.13,0.03,-0.02,-0.02,-0.26,-0.26,-0.09,-0.08,-0.01,-0.04,0.02,-0.07,0.22,0.09,-0.02,0.00,0.05,0.02,-0.33,0.37,0.22,0.09,-0.03,-0.06,0.14,0.18,"..","..","..","..",-0.27,0.70,0.15,0.05,0.26,0.00,0.33,0.00,0.02,0.00,0.21,0.06,0.01,0.00,-0.01,-0.07,0.14,-0.12,-0.07,-0.03,0.26,0.00,1.12,0.12,0.16,0.01,0.14,0.02,-0.03,0.00,0.22,0.01,"..","..",0.07,0.01,0.11,0.03,0.27,0.09,-0.02,-0.04
"2013Q1",0.69,0.60,0.75,-0.87,0.02,0.30,0.00,0.04,-0.17,0.63,-1.12,0.20,-0.36,-0.01,-0.17,0.10,0.05,0.17,-0.03,0.02,-0.11,0.03,0.26,0.22,0.35,0.13,0.03,0.03,0.75,0.12,0.08,0.32,0.18,0.03,3.24,3.25,-0.19,-0.20,-0.23,-0.10,-0.05,0.02,-0.06,-0.08,0.01,0.00,0.03,0.01,-0.08,-0.05,-0.08,-0.01,0.08,-0.02,2.30,0.75,1.57,0.42,0.07,0.02,0.65,0.39,0.09,0.00,0.09,0.02,1.21,0.00,-0.01,-0.01,2.34,0.08,-0.02,-0.05,0.03,0.00,-0.41,-0.32,0.01,0.00,-0.34,-0.25,-0.32,-0.06,-0.13,0.01,0.01,0.00,-0.15,-0.05,0.00,-0.02,0.03,0.07,-0.11,0.02,0.10,0.01,0.78,0.68,0.00,0.00,0.06,0.01,0.92,0.06,0.20,0.05,0.24,0.00,0.21,0.01,-0.28,0.04,-0.45,0.42,0.01,0.00,-0.05,-0.03,0.02,0.00,0.10,0.92,-0.15,-0.10,0.21,0.09,-0.19,-0.11,0.13,0.00,-0.08,0.00,-0.88,-0.13,0.25,-1.91,0.00,0.00,0.10,0.00,-0.38,-0.09,-2.46,-0.42,-1.17,-0.30,-0.54,-0.06,-0.15,-0.08,0.01,0.02,-0.10,0.02,-0.14,-0.08,-0.05,0.02,0.05,0.30,0.21,0.02,0.12,0.00,0.06,0.01,-0.14,-0.46,0.31,0.09,-0.02,-0.15,0.15,0.17,"..","..","..","..",-0.12,-1.17,0.11,0.03,0.37,0.37,0.36,0.36,0.02,0.02,0.21,0.04,-0.03,-0.04,-0.01,0.07,0.16,0.17,-0.09,-0.06,0.13,0.01,0.74,0.09,0.04,-0.01,0.14,0.00,-0.03,-0.01,0.25,0.03,"..","..",0.08,0.01,0.11,0.01,0.25,0.09,-0.01,0.00
"2013Q2",0.49,-0.58,0.26,1.06,0.07,-0.17,0.01,0.05,-0.20,-0.21,-0.48,0.12,-0.05,0.19,-0.17,0.08,-0.40,-0.27,0.06,-0.10,-0.03,-0.04,0.35,0.04,0.31,0.05,0.09,0.08,-0.03,-0.16,-0.10,-0.25,0.12,0.00,3.24,0.00,-0.14,0.20,-0.36,-0.30,-0.16,-0.05,-0.09,0.03,0.00,0.00,0.04,0.01,-0.10,0.01,-0.05,-0.08,-0.06,-0.05,2.21,0.47,1.96,0.81,0.14,0.08,1.20,0.40,0.09,0.00,0.13,0.04,1.21,0.00,-0.01,0.00,1.60,1.24,0.02,0.02,0.01,0.00,-0.34,0.24,-0.01,0.00,-0.31,0.06,-0.37,-0.03,-0.03,-0.01,-0.01,-0.01,0.00,0.07,-0.05,-0.06,0.12,-0.01,-0.09,-0.01,0.07,0.02,0.73,0.05,0.01,0.01,0.05,0.00,0.94,0.17,0.32,0.15,0.24,0.01,0.24,0.04,-0.31,-0.12,-0.66,-0.45,-0.01,-0.01,0.01,0.04,-0.03,0.00,-1.67,-1.54,-0.27,-0.19,0.15,0.05,-0.23,0.00,0.12,0.00,0.04,-0.01,-1.05,-0.09,0.11,0.25,0.00,0.00,0.10,0.01,-0.37,-0.06,-1.62,-0.05,-1.03,-0.15,-0.60,-0.21,-0.08,0.01,-0.01,-0.03,-0.18,0.07,-0.11,0.01,-0.07,-0.04,0.05,-0.14,0.21,0.02,0.23,0.09,0.05,0.01,0.00,0.21,0.39,0.12,-0.07,0.09,0.07,-0.28,"..","..","..","..",-0.44,-0.07,0.11,0.01,0.37,0.00,0.36,0.00,0.02,0.00,0.22,0.04,0.02,0.05,-0.18,-0.15,0.08,-0.03,-0.09,0.01,0.13,0.00,1.11,0.37,0.07,0.03,0.17,0.14,0.00,0.03,0.15,0.08,"..","..",0.07,0.04,0.10,0.03,0.34,0.12,0.00,0.02
"2013Q3",0.18,-0.18,0.38,3.32,0.16,0.11,-0.03,-0.02,-0.06,-0.02,0.30,0.30,0.28,0.15,-0.07,-0.04,-0.11,-0.07,-0.06,-0.07,-0.03,0.07,0.38,0.07,0.27,0.07,0.07,0.04,-0.14,0.11,0.12,0.11,0.05,0.03,3.24,0.00,-0.14,-0.19,-0.47,-0.05,-0.10,0.00,-0.17,-0.11,0.00,0.00,0.03,0.01,-0.15,-0.09,-0.08,-0.02,-0.04,0.04,2.09,0.51,1.95,0.47,0.15,0.03,1.76,0.26,0.06,0.06,0.14,0.06,1.30,1.11,-0.02,0.00,1.68,0.28,0.03,-0.01,-0.03,-0.03,-0.99,-0.19,0.02,0.01,-0.34,-0.24,-0.32,-0.10,-0.09,-0.06,-0.01,0.01,0.10,0.11,-0.04,0.00,0.08,0.02,0.04,0.15,0.07,0.03,0.66,-0.07,0.00,0.00,0.02,-0.02,0.90,0.28,0.25,-0.01,0.26,0.02,0.31,0.25,-0.39,-0.12,-0.28,-0.32,-0.04,-0.04,0.01,-0.01,-0.06,-0.01,2.22,3.31,0.03,0.30,0.24,0.08,-0.21,0.09,0.09,0.00,0.13,0.01,-0.12,0.23,-0.18,-0.24,0.00,0.00,0.03,0.01,-0.39,-0.09,-1.25,-0.20,-0.93,-0.25,-0.56,-0.09,-0.04,-0.01,0.01,0.04,-0.15,0.02,-0.11,0.04,0.03,0.10,0.09,0.00,0.14,0.02,0.29,0.20,0.05,0.01,0.24,0.12,0.39,0.09,-0.13,-0.01,0.08,0.01,"..","..","..","..",0.11,0.65,0.11,0.02,0.37,0.00,0.36,0.00,0.02,0.00,0.16,0.03,-0.04,-0.06,-0.12,0.03,-0.03,-0.06,-0.09,-0.02,0.14,0.13,0.67,0.09,0.05,0.01,0.26,0.09,0.00,-0.02,0.12,0.00,"..","..",0.07,0.01,0.08,0.01,0.40,0.10,0.07,0.08
"2013Q4",-0.17,0.00,-0.46,-3.96,0.63,0.38,0.01,-0.06,0.23,-0.16,1.50,0.88,0.30,-0.03,0.02,-0.12,-0.72,-0.55,0.01,0.16,0.04,-0.02,0.49,0.16,0.36,0.10,0.44,0.28,-0.02,-0.10,0.08,-0.10,-0.05,-0.10,3.25,0.00,-0.27,-0.07,-0.12,0.33,-0.05,-0.01,-0.08,0.08,-0.01,-0.01,0.02,0.00,-0.09,0.04,-0.10,0.01,0.01,0.04,2.20,0.47,2.25,0.55,0.18,0.05,1.63,0.58,0.07,0.01,0.14,0.02,1.22,0.10,-0.02,0.00,1.45,-0.16,-0.11,-0.07,-0.03,0.00,0.01,0.27,0.04,0.04,-0.37,0.05,-0.11,0.09,-0.04,0.02,-0.01,0.00,0.07,-0.06,-0.07,0.00,0.06,-0.03,0.01,-0.16,0.10,0.03,0.71,0.05,0.00,0.00,-0.03,-0.03,0.64,0.12,0.25,0.05,0.04,0.00,0.29,0.00,-0.29,-0.10,-0.16,0.19,-0.07,-0.02,-0.04,-0.04,0.01,0.03,0.54,-2.15,-0.05,-0.06,0.22,0.00,0.04,0.06,0.02,0.02,0.12,0.12,0.54,0.54,0.11,2.01,0.00,0.00,0.03,0.01,-0.31,-0.07,-0.71,-0.03,-0.88,-0.17,-0.42,-0.08,-0.12,-0.04,0.03,0.01,0.11,0.01,-0.12,-0.10,0.09,0.03,0.15,-0.01,0.11,0.05,0.38,0.09,0.02,-0.01,0.08,0.21,0.39,0.09,-0.04,0.03,0.12,0.22,"..","..","..","..",0.22,0.81,0.01,-0.05,0.37,0.00,0.36,0.00,0.02,0.00,0.13,0.03,-0.05,0.00,-0.15,-0.10,0.08,0.00,-0.04,0.02,0.16,0.02,0.64,0.08,0.03,0.00,0.28,0.04,0.02,0.02,0.11,0.00,"..","..",0.07,0.00,0.09,0.04,0.48,0.17,0.11,0.00
"2014Q1",0.02,0.79,-0.51,-0.92,0.16,-0.17,0.07,0.10,-0.47,-0.07,1.22,-0.07,0.32,0.01,-0.02,0.06,-0.48,0.40,0.01,0.01,0.13,0.12,0.41,0.14,0.25,0.02,0.56,0.16,-0.22,-0.07,-0.75,-0.51,-0.08,-0.01,3.19,3.19,-0.17,-0.11,-0.20,-0.17,-0.06,0.01,-0.05,-0.05,-0.01,0.00,0.03,0.01,-0.02,0.02,-0.08,0.00,-0.02,-0.05,2.09,0.65,2.48,0.65,0.14,-0.02,1.81,0.58,0.07,0.00,0.16,0.04,1.22,0.00,0.00,0.01,1.39,0.03,0.11,0.16,-0.03,0.00,-0.02,-0.34,0.06,0.02,-0.03,0.10,-0.16,-0.11,-0.07,-0.02,-0.02,-0.01,0.08,-0.04,-0.07,-0.02,0.04,0.05,-0.05,-0.03,0.10,0.01,-0.08,-0.11,0.01,0.00,-0.04,0.00,0.78,0.21,0.41,0.21,0.04,0.00,0.29,0.01,-0.46,-0.12,-0.62,-0.04,-0.06,0.02,-0.06,-0.05,0.00,-0.02,0.20,0.58,-0.03,-0.08,0.48,0.35,0.20,0.05,0.02,0.00,0.17,0.05,0.83,0.15,0.07,-1.95,0.00,0.00,0.02,0.00,-0.28,-0.06,-0.66,-0.37,-0.89,-0.31,-0.41,-0.04,-0.07,-0.04,0.02,0.01,0.01,-0.08,-0.07,-0.02,0.14,0.06,-0.11,0.04,0.09,0.00,0.32,-0.05,0.02,0.01,0.41,-0.12,0.35,0.05,0.01,-0.10,0.16,0.21,"..","..","..","..",0.69,-0.71,0.01,0.03,0.37,0.37,0.35,0.35,0.01,0.01,0.14,0.04,-0.01,-0.01,-0.16,0.06,-0.12,-0.02,-0.03,-0.05,0.18,0.03,0.80,0.26,0.05,0.01,0.28,0.01,0.16,0.13,0.08,0.00,"..","..",0.06,0.01,0.08,0.00,0.47,0.08,0.12,0.02
"2014Q2",-0.02,-0.63,0.40,1.97,0.63,0.30,0.06,0.05,-0.37,-0.11,1.66,0.55,0.19,0.06,-0.03,0.08,-0.61,-0.40,0.04,-0.07,0.07,-0.10,0.34,-0.04,0.29,0.10,0.67,0.19,-0.18,-0.12,-0.68,-0.18,-0.16,-0.08,3.18,-0.01,-0.49,-0.13,0.25,0.14,-0.03,-0.03,0.02,0.11,-0.01,0.00,0.02,0.00,0.01,0.04,-0.03,-0.03,-0.04,-0.07,2.25,0.63,2.27,0.61,0.11,0.05,1.34,-0.07,0.07,0.00,0.12,0.00,1.22,0.00,0.00,0.00,2.17,2.02,0.08,-0.01,0.00,0.03,0.08,0.33,0.03,-0.03,-0.13,-0.04,-0.04,0.09,-0.07,0.00,0.00,0.00,0.18,0.17,0.00,0.02,-0.02,-0.07,0.05,0.08,0.08,0.01,-0.11,0.02,0.00,0.00,-0.05,-0.01,0.72,0.11,0.29,0.03,0.02,0.00,0.27,0.01,-0.42,-0.08,-0.52,-0.35,-0.07,-0.02,-0.08,0.02,0.01,0.01,1.62,-0.12,0.10,-0.06,0.45,0.03,0.20,0.00,0.02,0.00,0.08,-0.11,0.72,-0.21,0.21,0.39,0.00,0.00,0.01,0.00,-0.31,-0.09,-0.83,-0.22,-0.87,-0.13,-0.28,-0.08,-0.14,-0.06,0.07,0.01,-0.12,-0.06,-0.09,-0.01,0.21,0.03,0.07,0.04,0.06,-0.01,0.40,0.17,0.04,0.02,0.00,-0.20,0.28,0.04,0.06,0.14,0.16,-0.29,"..","..","..","..",0.03,-0.72,0.10,0.09,0.37,0.00,0.35,0.00,0.01,0.00,0.11,0.02,-0.05,0.01,-0.21,-0.20,-0.10,-0.01,-0.05,0.00,0.18,0.00,0.45,0.03,0.04,0.02,0.20,0.06,0.06,-0.06,0.00,0.00,"..","..",0.02,0.01,0.09,0.04,0.38,0.03,0.11,0.01
"2014Q3",-0.17,-0.32,-1.11,1.80,0.11,-0.41,0.12,0.04,-1.05,-0.70,1.22,-0.14,0.05,0.00,-0.18,-0.19,-0.61,-0.07,-0.05,-0.16,-0.02,-0.02,0.36,0.09,0.29,0.07,0.70,0.07,-0.12,0.17,-0.97,-0.18,-0.09,0.09,3.54,0.36,-0.36,-0.06,0.54,0.24,-0.05,-0.02,0.05,-0.08,-0.01,0.00,0.02,0.00,0.04,-0.05,-0.05,-0.03,-0.01,0.07,2.38,0.63,2.37,0.56,0.13,0.05,1.40,0.32,0.13,0.12,0.08,0.01,1.28,1.18,0.00,0.00,1.80,-0.09,0.09,0.00,0.08,0.05,0.03,-0.23,0.03,0.01,-0.13,-0.24,-0.05,-0.11,-0.05,-0.04,0.00,0.01,-0.16,-0.22,0.01,0.01,-0.02,0.02,-0.06,0.04,0.11,0.05,-0.02,0.02,0.00,0.00,-0.05,-0.01,0.63,0.18,0.39,0.09,0.04,0.04,0.12,0.10,-0.40,-0.09,-0.46,-0.26,-0.03,-0.01,-0.12,-0.04,0.01,-0.01,-1.11,0.58,-0.20,0.00,0.48,0.10,-0.16,-0.27,0.02,0.00,0.07,0.01,0.40,-0.09,0.70,0.25,0.00,0.00,0.08,0.07,-0.47,-0.25,-1.02,-0.39,-0.80,-0.18,-0.43,-0.24,-0.09,0.05,0.07,0.04,-0.21,-0.08,-0.19,-0.06,0.12,0.01,-0.09,-0.16,0.15,0.11,0.25,0.05,0.05,0.02,0.35,0.47,0.25,0.06,0.07,0.00,0.10,-0.04,"..","..","..","..",-0.08,0.54,0.08,0.01,0.37,0.00,0.35,0.00,0.01,0.00,0.12,0.03,0.03,0.03,-0.12,0.12,-0.04,0.00,-0.01,0.02,0.18,0.13,0.38,0.02,0.03,0.01,0.17,0.07,0.09,0.00,-0.02,-0.02,"..","..",0.02,0.01,0.09,0.01,0.33,0.06,0.08,0.06
"2014Q4",0.30,0.46,0.08,-2.77,0.44,0.72,0.14,-0.04,-0.96,-0.07,0.41,0.07,-0.24,-0.32,-0.11,-0.05,0.12,0.19,0.02,0.23,0.10,0.10,-0.06,-0.26,0.23,0.04,0.61,0.19,-0.22,-0.20,-1.09,-0.22,-0.06,-0.08,3.59,0.05,-0.27,0.02,0.01,-0.21,0.05,0.09,0.00,0.02,0.00,0.00,0.02,0.00,-0.04,-0.05,-0.03,0.03,-0.05,-0.01,2.35,0.44,2.72,0.90,0.09,0.01,0.90,0.07,0.12,0.00,0.06,0.00,1.23,0.05,0.00,0.00,1.73,-0.23,0.16,0.01,0.08,0.00,0.37,0.61,0.00,0.01,-0.13,0.05,-0.15,-0.01,-0.10,-0.03,0.00,-0.01,-0.10,-0.01,-0.02,-0.03,-0.06,-0.06,-0.11,-0.21,0.08,0.01,0.04,0.11,0.01,0.01,-0.03,-0.01,0.56,0.06,0.38,0.04,0.04,0.00,0.12,0.00,-0.20,0.10,-0.70,-0.05,-0.03,-0.02,-0.05,0.02,-0.12,-0.11,-2.38,-3.42,-0.43,-0.28,0.51,0.03,-0.20,0.01,0.00,0.00,0.06,0.10,0.53,0.67,-0.03,1.28,0.01,0.01,0.07,0.00,-0.79,-0.39,-1.56,-0.58,-1.06,-0.43,-0.68,-0.33,-0.14,-0.09,0.05,-0.02,-0.05,0.16,-0.03,0.07,0.10,0.00,0.08,0.16,0.14,0.04,0.14,-0.03,0.07,0.01,0.04,-0.10,0.26,0.10,0.06,0.02,0.11,0.22,"..","..","..","..",-0.15,0.74,0.23,0.10,0.37,0.00,0.35,0.00,0.01,0.00,0.03,-0.06,-0.02,-0.05,0.00,0.01,-0.01,0.02,-0.04,-0.01,0.16,0.00,0.36,0.06,0.02,-0.01,0.18,0.05,0.08,0.01,-0.02,0.00,"..","..",0.02,0.00,0.08,0.03,0.21,0.04,0.17,0.09
"2015Q1",0.94,1.43,1.12,0.12,0.62,0.01,0.05,0.01,-0.81,0.07,0.22,-0.26,-0.39,-0.14,0.02,0.18,-0.01,0.27,-0.04,-0.05,-0.10,-0.08,0.14,0.34,0.27,0.06,0.62,0.17,-0.03,0.12,-0.34,0.24,0.07,0.13,3.85,3.45,-0.28,-0.12,0.13,-0.05,0.07,0.03,0.06,0.01,0.02,0.02,0.01,0.00,-0.08,-0.02,-0.07,-0.04,-0.08,-0.08,2.46,0.76,2.49,0.42,0.10,-0.02,0.53,0.21,0.12,0.00,0.02,0.00,1.23,0.00,0.00,0.00,1.73,0.02,-0.03,-0.03,0.08,0.00,0.49,-0.22,-0.03,-0.01,-0.29,-0.06,-0.19,-0.16,-0.07,0.01,0.01,0.00,-0.01,0.05,0.01,0.01,-0.09,0.02,-0.02,0.07,0.09,0.01,0.17,0.03,0.00,-0.01,-0.03,0.00,0.37,0.02,0.22,0.06,0.04,0.00,0.12,0.01,-0.37,-0.29,-0.86,-0.20,-0.06,0.00,0.01,0.01,-0.13,-0.02,-9.04,-6.08,-0.93,-0.58,0.29,0.13,-0.24,0.02,0.00,0.00,0.31,0.30,0.77,0.39,-0.84,-2.75,0.01,0.00,0.08,0.01,-0.81,-0.07,-1.17,0.03,-0.92,-0.17,-0.72,-0.08,-0.15,-0.04,0.05,0.01,0.10,0.07,-0.09,-0.08,0.13,0.09,0.09,0.05,0.24,0.09,0.18,-0.01,0.06,0.00,0.09,-0.08,0.21,0.01,0.07,-0.09,0.07,0.18,"..","..","..","..",-0.41,-0.97,0.20,0.00,0.38,0.38,0.33,0.33,0.01,0.01,0.05,0.06,-0.05,-0.04,-0.09,-0.02,-0.04,-0.05,0.04,0.03,0.14,0.01,0.15,0.05,-0.04,-0.05,0.17,-0.01,-0.03,0.03,-0.02,0.00,"..","..",0.03,0.01,0.09,0.01,0.32,0.19,0.15,0.00
"2015Q2",0.39,-1.18,-0.07,0.78,0.16,-0.16,0.06,0.06,-0.99,-0.29,-0.65,-0.32,-0.22,0.23,-0.05,0.01,0.47,0.08,0.00,-0.03,0.06,0.06,0.38,0.20,0.27,0.11,0.64,0.21,0.40,0.32,-0.05,0.10,0.25,0.11,3.85,0.00,-0.05,0.10,0.35,0.36,-0.08,-0.18,-0.11,-0.07,0.02,0.00,0.02,0.01,-0.10,0.02,-0.05,0.00,0.07,0.08,2.50,0.67,2.65,0.77,0.08,0.04,0.72,0.12,0.12,0.00,0.02,0.00,1.23,0.00,0.00,0.00,0.01,0.31,-0.04,-0.02,0.06,0.01,0.02,-0.14,-0.23,-0.24,-0.32,-0.08,-0.13,0.15,-0.04,0.02,0.01,0.00,-0.35,-0.17,0.01,0.02,0.00,0.03,0.04,0.15,0.09,0.01,0.10,-0.05,0.00,0.01,-0.01,0.00,0.36,0.09,0.25,0.06,0.04,0.00,0.10,0.00,-0.47,-0.18,-1.00,-0.49,-0.04,-0.01,0.02,0.03,0.04,0.18,-4.43,4.49,-0.57,0.30,0.28,0.02,-0.22,0.01,0.00,0.00,0.00,-0.41,-0.24,-1.22,-1.08,0.15,0.01,0.00,0.08,0.00,-0.66,0.05,-1.62,-0.68,-0.89,-0.10,-0.74,-0.10,-0.09,0.00,0.02,-0.01,0.12,-0.04,-0.03,0.05,0.08,-0.02,0.09,0.04,0.26,0.01,0.09,0.07,0.07,0.03,0.39,0.11,0.19,0.02,0.05,0.12,0.01,-0.35,"..","..","..","..",0.42,0.11,0.15,0.04,0.38,0.00,0.33,0.00,0.01,0.00,0.11,0.08,-0.03,0.03,0.04,-0.07,-0.03,0.01,0.02,-0.03,0.14,0.00,0.15,0.02,-0.05,0.01,0.21,0.10,-0.04,-0.08,-0.02,0.00,"..","..",0.08,0.05,0.08,0.03,0.40,0.11,0.15,0.00
"2015Q3",0.99,0.28,0.55,2.42,0.26,-0.32,0.01,-0.01,-0.59,-0.30,-1.18,-0.66,-0.34,-0.12,0.08,-0.06,0.62,0.08,0.06,-0.09,-0.11,-0.20,0.46,0.17,0.27,0.07,0.74,0.17,0.43,0.19,-0.01,-0.14,0.30,0.14,3.50,0.01,0.11,0.10,0.13,0.02,-0.07,-0.01,0.03,0.06,0.02,-0.01,0.02,0.01,-0.10,-0.05,-0.03,-0.01,-0.09,-0.08,2.52,0.65,2.81,0.73,0.07,0.03,0.54,0.13,0.10,0.10,0.02,0.01,1.91,1.86,0.00,0.00,0.07,-0.03,-0.04,0.00,-0.01,-0.02,0.80,0.54,-0.10,0.14,0.11,0.20,0.09,0.11,0.05,0.05,0.01,0.01,-0.31,-0.19,0.02,0.02,-0.01,0.01,-0.26,-0.27,0.04,0.00,0.04,-0.05,0.01,0.00,0.01,0.01,-0.27,-0.44,0.24,0.08,-0.02,-0.02,0.10,0.10,-0.31,0.06,-0.67,0.07,-0.02,0.01,0.02,-0.03,0.07,0.02,-4.11,0.90,-0.61,-0.05,0.32,0.14,-3.92,-3.96,0.00,0.00,-0.01,0.00,-0.11,0.05,-1.13,0.19,0.01,0.00,0.07,0.06,-0.46,-0.04,-1.57,-0.35,-0.83,-0.12,-0.54,-0.04,-0.21,-0.07,0.05,0.07,-0.11,-0.30,0.03,-0.01,0.10,0.04,0.07,-0.18,0.23,0.08,0.25,0.21,0.06,0.01,-0.08,0.00,0.26,0.14,0.07,0.02,0.14,0.09,"..","..","..","..",0.93,1.04,0.15,0.01,0.38,0.00,0.33,0.00,0.01,0.00,0.12,0.04,0.05,0.11,-0.25,-0.17,0.04,0.06,0.06,0.06,0.03,0.02,0.14,0.01,-0.07,-0.02,0.17,0.03,-0.04,0.00,0.00,0.00,"..","..",0.07,0.00,0.10,0.03,0.55,0.21,0.17,0.08
"2015Q4",0.92,0.39,-0.13,-3.45,-0.78,-0.32,0.05,0.00,-0.61,-0.08,-2.09,-0.85,-0.17,-0.16,-0.08,-0.21,0.28,-0.15,0.00,0.17,-0.25,-0.03,0.43,-0.28,0.33,0.10,0.69,0.15,0.34,-0.29,-0.32,-0.53,0.32,-0.06,3.46,0.00,0.20,0.11,0.18,-0.15,-0.09,0.07,0.03,0.02,-0.01,-0.03,0.02,0.00,0.01,0.06,-0.04,0.02,-0.08,0.00,2.73,0.65,2.57,0.66,0.12,0.07,0.61,0.14,0.10,0.00,0.03,0.02,2.02,0.16,0.00,0.00,0.19,-0.10,0.03,0.08,-0.01,0.00,0.55,0.36,-0.02,0.08,-0.04,-0.10,0.03,-0.06,-0.04,-0.11,0.02,0.00,-0.30,0.00,-0.01,-0.06,0.02,-0.04,-0.21,-0.15,0.02,0.00,-0.02,0.06,-0.01,0.00,0.02,0.01,-0.18,0.15,0.25,0.05,-0.02,0.00,0.10,0.00,-0.37,0.04,-0.61,0.00,0.00,0.01,0.04,0.04,0.32,0.15,-4.65,-3.96,-0.63,-0.30,0.41,0.12,-3.92,0.01,0.00,0.00,0.28,0.40,-0.15,0.63,-1.51,0.90,0.00,0.00,0.07,0.01,-0.24,-0.17,-1.17,-0.18,-0.68,-0.28,-0.20,0.02,-0.10,0.01,0.12,0.05,-0.28,-0.01,0.07,0.10,0.08,-0.03,0.01,0.10,0.21,0.03,0.34,0.06,0.07,0.03,0.25,0.22,0.33,0.17,0.05,0.00,0.17,0.26,"..","..","..","..",-0.63,-0.82,0.02,-0.04,0.38,0.00,0.33,0.00,0.01,0.00,0.25,0.07,0.03,-0.07,-0.50,-0.24,0.05,0.04,0.02,-0.04,0.17,0.13,0.13,0.04,-0.04,0.01,0.18,0.06,0.00,0.06,-0.01,-0.01,"..","..",0.07,0.00,0.12,0.05,0.85,0.34,0.00,-0.09
"2016Q1",0.56,1.07,-0.45,-0.19,-0.34,0.46,0.14,0.10,-0.66,0.01,-1.40,0.43,0.14,0.18,-0.19,0.07,0.17,0.16,0.06,0.01,-0.22,-0.05,0.21,0.12,0.36,0.08,0.68,0.15,0.30,0.07,-0.48,0.08,0.24,0.05,2.97,2.96,0.13,-0.18,0.30,0.07,-0.13,-0.01,-0.02,-0.03,-0.03,0.00,0.02,0.00,-0.01,-0.04,-0.01,-0.02,0.02,0.02,2.62,0.66,2.62,0.46,0.12,-0.02,0.81,0.41,0.10,0.00,0.05,0.03,2.02,0.00,0.00,0.00,0.27,0.10,0.06,0.00,-0.01,0.00,0.89,0.13,0.03,0.05,0.25,0.23,0.41,0.22,0.02,0.06,0.02,0.00,-0.21,0.14,0.00,0.02,0.02,0.02,-0.24,0.03,0.01,0.00,-0.13,-0.09,-0.01,-0.01,0.01,0.00,-0.14,0.06,0.19,0.01,-0.02,0.00,0.10,0.01,-0.18,-0.10,0.34,0.75,0.02,0.01,-0.01,-0.05,0.33,-0.01,-2.65,-4.08,-0.54,-0.49,0.33,0.05,-3.75,0.19,0.02,0.01,0.18,0.20,-0.95,-0.41,-0.82,-2.06,0.00,0.00,0.06,0.00,-0.24,-0.08,-0.94,0.26,-0.65,-0.14,-0.08,0.04,-0.14,-0.08,0.14,0.03,-0.22,0.13,0.11,-0.03,0.03,0.04,0.15,0.19,0.15,0.03,0.30,-0.04,0.09,0.02,-0.11,-0.44,0.37,0.05,-0.02,-0.15,0.29,0.30,"..","..","..","..",-0.68,-1.02,0.01,0.00,0.31,0.31,0.27,0.27,0.01,0.01,0.25,0.06,0.16,0.09,-0.48,0.00,0.03,-0.07,-0.02,-0.01,0.17,0.01,0.10,0.03,-0.02,-0.03,0.19,0.00,-0.05,-0.03,-0.02,-0.01,"..","..",0.06,0.01,0.14,0.03,0.81,0.15,-0.04,-0.04
"2016Q2",1.62,-0.12,0.05,1.28,-1.01,-0.83,0.16,0.08,-0.24,0.13,-1.23,-0.15,-0.01,0.09,-0.07,0.13,-0.08,-0.17,-0.01,-0.09,-0.22,0.06,-0.02,-0.03,0.29,0.04,0.66,0.19,0.24,0.26,-0.67,-0.08,0.18,0.05,2.97,0.00,0.44,0.41,-0.27,-0.20,0.13,0.08,0.10,0.05,-0.04,0.00,0.02,0.01,0.05,0.08,0.00,0.01,-0.08,-0.02,2.59,0.63,2.98,1.14,0.20,0.12,0.89,0.20,0.10,0.00,0.06,0.00,2.02,0.00,0.01,0.01,0.82,0.86,0.20,0.12,0.04,0.06,0.66,-0.37,0.20,-0.07,0.42,0.10,0.08,-0.18,-0.01,0.00,0.02,0.00,0.04,0.09,-0.01,0.02,-0.08,-0.07,-0.44,-0.05,0.02,0.02,-0.14,-0.06,-0.01,0.01,0.01,0.00,-0.14,0.09,0.18,0.04,-0.02,0.00,0.10,0.00,-0.53,-0.54,0.95,0.13,0.03,0.00,-0.04,0.01,0.11,-0.04,-4.54,2.60,-0.53,0.31,0.39,0.08,-3.80,-0.04,0.01,0.00,0.05,-0.54,-0.55,-0.82,-0.62,0.35,0.00,0.00,0.06,0.00,-0.40,-0.10,-0.26,0.00,-0.90,-0.35,-0.15,-0.16,-0.17,-0.03,0.20,0.04,-0.20,-0.02,0.09,0.02,0.06,0.01,0.14,0.03,0.13,-0.01,0.32,0.09,0.12,0.06,0.02,0.24,0.38,0.03,0.07,0.21,0.21,-0.43,"..","..","..","..",-1.28,-0.49,0.04,0.08,0.31,0.00,0.27,0.00,0.01,0.00,0.22,0.05,0.04,-0.09,-0.44,-0.03,-0.05,-0.07,0.02,0.01,0.17,0.00,0.07,-0.01,-0.01,0.02,0.21,0.12,0.02,0.00,-0.01,0.00,"..","..",0.02,0.01,0.14,0.04,0.94,0.24,0.00,0.05
"2016Q3",-0.15,-1.50,0.42,2.79,-0.76,-0.07,0.15,-0.02,-0.22,-0.28,-0.63,-0.06,0.03,-0.08,-0.20,-0.19,-0.28,-0.12,0.17,0.09,0.00,0.03,-0.18,0.01,0.33,0.10,0.73,0.23,0.10,0.06,-0.57,-0.04,-0.04,-0.08,2.97,0.01,0.15,-0.19,-0.24,0.05,0.18,0.04,0.05,0.02,-0.03,0.00,0.01,0.00,0.03,-0.07,0.00,-0.01,0.09,0.09,2.46,0.53,3.40,1.15,0.21,0.04,0.96,0.21,0.11,0.11,0.07,0.02,1.20,1.05,0.01,0.00,1.07,0.21,0.20,0.00,0.07,0.01,0.55,0.44,0.16,0.10,0.24,0.02,0.40,0.42,-0.02,0.03,0.01,0.00,0.45,0.22,0.01,0.04,-0.08,0.00,-0.18,-0.01,0.02,0.00,-0.01,0.08,0.00,0.00,0.03,0.03,0.43,0.13,0.18,0.08,0.01,0.01,0.26,0.26,-0.76,-0.17,0.79,-0.09,0.02,0.01,0.00,0.00,0.15,0.06,-6.31,-0.87,-0.40,0.08,0.27,0.02,-1.56,-1.72,0.10,0.09,0.15,0.09,-0.22,0.38,-1.72,-0.91,0.01,0.00,0.10,0.09,-0.40,-0.05,-0.19,-0.28,-0.64,0.14,-0.09,0.01,-0.13,-0.03,0.14,0.01,0.11,0.01,0.07,-0.02,0.06,0.03,0.22,-0.10,0.15,0.10,0.24,0.14,0.13,0.02,-0.06,-0.08,0.46,0.22,0.02,-0.03,0.06,-0.06,"..","..","..","..",-1.95,0.38,0.04,0.01,0.31,0.00,0.27,0.00,0.01,0.00,0.20,0.03,-0.04,0.02,-0.49,-0.22,0.07,0.18,-0.07,-0.02,0.14,0.00,0.12,0.07,0.00,-0.01,0.16,-0.02,0.02,0.00,-0.01,0.00,"..","..",0.03,0.01,0.14,0.03,1.05,0.32,-0.03,0.05
"2016Q4",-0.82,-0.28,0.92,-2.96,-0.39,0.05,0.16,0.00,-0.10,0.03,0.46,0.24,0.36,0.17,-0.12,-0.12,-0.05,0.08,0.08,0.07,-0.03,-0.07,-0.16,-0.26,0.31,0.08,0.72,0.14,0.18,-0.21,-0.01,0.03,-0.02,-0.05,2.99,0.01,0.12,0.09,0.15,0.24,0.11,0.00,0.04,0.01,0.00,-0.01,0.01,0.00,0.07,0.10,0.02,0.03,0.14,0.05,2.40,0.58,3.53,0.79,0.15,0.00,1.05,0.23,0.11,0.00,0.10,0.05,1.10,0.06,0.01,0.00,1.08,-0.09,0.16,0.03,0.07,0.00,-0.26,-0.45,0.07,-0.01,0.25,-0.10,0.36,-0.10,0.06,-0.03,0.00,-0.01,0.31,-0.14,0.07,0.00,0.03,0.07,-0.09,-0.06,0.04,0.02,-0.11,-0.05,0.00,0.00,0.04,0.01,0.48,0.20,0.27,0.14,0.01,0.00,0.32,0.06,-0.28,0.52,1.03,0.24,0.00,-0.02,-0.04,0.00,0.00,0.00,-0.29,2.05,0.10,0.20,0.03,-0.13,-1.63,-0.05,0.09,0.00,0.32,0.57,-0.09,0.76,-0.99,1.63,0.01,0.00,0.09,0.00,-0.47,-0.24,-0.25,-0.24,-0.50,-0.15,-0.30,-0.19,-0.11,0.03,0.10,0.01,0.04,-0.08,-0.08,-0.05,-0.01,-0.09,0.28,0.16,0.17,0.05,0.30,0.12,0.11,0.01,-0.11,0.17,0.44,0.15,0.01,-0.02,0.15,0.35,"..","..","..","..",-0.57,0.57,0.11,0.02,0.31,0.00,0.27,0.00,0.01,0.00,0.14,0.00,0.01,-0.01,-0.36,-0.11,0.01,-0.03,0.05,0.08,-0.42,-0.43,0.18,0.10,-0.02,0.00,0.12,0.02,-0.07,-0.03,0.00,0.00,"..","..",0.03,0.01,0.23,0.14,1.20,0.49,0.07,0.01
"2017Q1",0.04,1.93,1.29,0.18,-0.67,0.17,0.12,0.06,-0.02,0.10,1.07,1.04,0.41,0.23,-0.06,0.12,0.11,0.33,0.14,0.07,0.15,0.12,0.00,0.28,0.26,0.04,0.78,0.21,0.19,0.08,0.00,0.09,0.00,0.07,3.36,3.34,0.22,-0.09,0.05,-0.04,0.06,-0.06,0.09,0.02,0.01,0.01,0.02,0.01,0.06,-0.05,0.05,0.02,0.05,-0.07,2.58,0.84,3.64,0.56,0.18,0.02,0.83,0.19,0.11,0.00,0.13,0.05,1.10,0.00,0.01,0.00,1.04,0.06,0.14,-0.02,0.07,0.00,-0.06,0.32,-0.03,-0.05,0.21,0.19,-0.01,-0.15,-0.01,-0.01,0.01,0.02,0.10,-0.06,0.05,0.00,0.03,0.03,-0.06,0.06,0.05,0.01,0.18,0.20,0.00,-0.01,0.05,0.01,0.44,0.02,0.28,0.02,0.01,0.00,0.32,0.00,-0.32,-0.14,0.53,0.25,-0.02,-0.01,0.02,0.01,0.03,0.01,5.95,2.16,0.78,0.19,-0.01,0.02,-1.80,0.01,0.09,0.01,0.19,0.07,0.70,0.38,-0.68,-1.75,0.01,0.00,0.11,0.02,-0.42,-0.03,-0.94,-0.43,-0.49,-0.13,-0.41,-0.07,-0.06,-0.03,0.07,0.01,-0.11,-0.02,-0.08,-0.03,-0.02,0.03,0.24,0.15,0.20,0.06,0.40,0.06,0.11,0.02,0.00,-0.33,0.40,0.01,-0.03,-0.19,1.28,0.24,"..","..","..","..",-0.57,-1.02,0.11,0.00,0.25,0.25,0.17,0.17,0.03,0.03,0.12,0.04,-0.07,0.01,-0.37,-0.01,0.09,0.01,0.04,-0.02,-0.23,0.20,0.28,0.13,0.05,0.04,0.15,0.03,0.12,0.16,-0.08,-0.08,"..","..",0.03,0.00,0.32,0.12,1.16,0.11,0.12,0.01
"2017Q2",-0.55,-0.70,3.33,3.33,-0.02,-0.18,0.14,0.10,-0.39,-0.24,1.35,0.13,0.46,0.14,-0.31,-0.12,-0.12,-0.40,0.00,-0.23,0.05,-0.03,-0.36,-0.39,0.32,0.10,0.79,0.21,0.00,0.07,0.06,-0.02,-0.05,0.01,3.38,0.02,-0.44,-0.25,0.32,0.07,-0.03,-0.01,0.06,0.02,0.01,0.00,0.02,0.01,-0.03,-0.01,0.01,-0.03,0.17,0.10,2.48,0.53,3.56,1.06,0.12,0.06,0.88,0.26,0.11,0.00,0.09,-0.03,1.10,0.00,0.00,0.00,0.91,0.72,0.03,0.02,0.07,0.06,-0.27,-0.58,0.04,0.00,0.05,-0.07,0.09,-0.08,0.01,0.02,0.02,0.01,0.32,0.30,0.02,-0.01,0.07,-0.03,-0.09,-0.08,0.07,0.03,0.08,-0.16,0.01,0.02,0.05,-0.01,0.44,0.09,0.37,0.13,0.04,0.03,0.34,0.03,0.08,-0.14,0.51,0.11,-0.02,0.00,0.00,-0.01,0.17,0.10,2.29,-1.06,0.39,-0.08,0.14,0.23,-1.70,0.06,0.07,-0.02,0.23,-0.50,0.21,-1.31,-0.48,0.54,0.01,0.00,0.10,-0.01,-0.57,-0.26,-1.40,-0.46,-0.58,-0.44,-0.44,-0.20,0.06,0.08,0.08,0.05,-0.32,-0.23,-0.08,0.02,-0.04,0.00,0.18,-0.03,0.35,0.14,0.33,0.02,0.06,0.01,-0.03,0.21,0.38,0.01,-0.03,0.20,1.33,0.13,"..","..","..","..",-0.24,-0.16,0.09,0.05,0.25,0.00,0.17,0.00,0.03,0.00,0.08,0.00,0.06,0.04,-0.60,-0.26,0.20,0.05,0.05,0.02,-0.23,0.00,0.36,0.07,0.06,0.03,0.14,0.10,0.16,0.04,-0.20,-0.12,"..","..",0.05,0.04,0.32,0.03,0.97,0.06,0.06,-0.01
"2017Q3",0.22,-0.55,1.49,1.05,0.12,0.08,0.17,0.04,0.09,0.18,1.19,0.04,0.59,0.15,-0.07,0.03,0.29,0.29,0.01,0.09,0.11,0.10,-0.04,0.26,0.35,0.18,0.62,0.16,0.17,0.22,0.32,0.24,0.06,0.03,2.79,0.04,-0.15,0.05,0.28,0.07,0.00,0.05,0.06,0.03,0.00,0.00,0.02,0.00,-0.02,-0.05,-0.03,-0.05,0.05,-0.02,2.13,0.54,2.49,0.53,0.10,0.03,0.87,0.33,0.03,0.03,0.08,0.03,1.06,1.01,0.00,0.00,0.66,0.10,0.05,0.03,0.05,0.00,-0.41,0.17,0.06,0.11,0.04,0.01,-0.22,0.05,0.00,0.02,0.01,0.00,0.01,-0.07,-0.02,-0.01,-0.01,-0.07,0.01,0.08,0.06,0.00,0.02,0.02,0.01,0.01,0.02,0.00,0.34,0.08,0.24,0.00,0.03,0.01,0.16,0.09,0.35,0.15,0.33,-0.16,-0.02,0.00,0.00,-0.01,0.13,0.04,1.83,-0.75,0.20,-0.06,0.12,0.02,-0.22,-0.24,-0.01,0.00,0.06,-0.06,-0.01,0.13,-0.32,-0.67,0.00,0.00,0.02,0.02,-0.43,0.00,-1.31,-0.40,-0.61,-0.02,-0.48,-0.11,0.08,0.00,0.08,0.02,-0.46,-0.19,-0.04,0.01,-0.03,0.02,0.16,-0.07,0.25,0.04,0.11,-0.05,0.03,0.00,-0.05,-0.09,0.26,0.13,0.01,0.01,0.31,0.22,0.31,"..",0.00,"..",-0.50,0.01,0.07,0.01,0.20,0.00,0.14,0.00,0.02,0.00,0.06,0.02,0.06,0.02,-0.14,0.18,0.01,-0.02,0.05,-0.01,-0.19,0.00,0.51,0.27,0.15,0.09,0.21,0.08,0.23,0.09,-0.17,-0.01,"..","..",0.07,0.03,0.22,-0.01,0.70,0.16,0.07,0.06
"2017Q4",0.67,0.21,0.38,-3.52,-0.07,-0.15,0.22,0.05,-0.09,-0.16,0.81,-0.18,0.62,0.17,-0.07,-0.10,0.29,0.06,0.07,0.11,0.16,-0.01,0.09,-0.07,0.36,0.07,0.70,0.20,0.20,-0.14,0.07,-0.23,0.06,-0.03,2.77,-0.01,-0.37,-0.14,-0.35,-0.44,-0.07,-0.06,0.05,-0.01,0.02,0.01,0.03,0.01,-0.02,0.08,-0.02,0.05,-0.01,-0.01,2.12,0.46,2.55,0.70,0.05,-0.04,0.97,0.28,0.03,0.00,0.06,0.01,1.01,0.00,0.00,0.00,0.78,0.04,0.04,0.02,0.05,0.00,-0.04,0.00,0.01,-0.06,0.13,0.02,-0.34,-0.19,-0.03,-0.05,0.02,0.00,-0.15,-0.28,-0.03,-0.01,-0.05,0.02,-0.05,-0.12,0.06,0.02,-0.01,-0.06,0.00,-0.01,-0.04,-0.04,0.14,-0.04,0.10,-0.03,0.03,0.00,0.15,0.04,-1.28,-1.21,0.32,0.19,-0.01,0.00,0.01,0.02,0.04,-0.09,2.58,2.43,0.25,0.21,0.31,0.08,-0.17,0.01,0.00,0.01,-0.06,0.34,-0.14,0.49,0.38,2.03,0.00,0.00,0.02,-0.01,-0.11,0.12,-1.76,-0.63,-0.56,-0.08,-0.44,-0.12,0.04,-0.01,0.09,0.02,-0.54,-0.15,0.07,0.06,0.09,0.05,0.13,0.10,0.25,0.05,0.07,0.05,0.08,0.05,0.11,0.30,0.25,0.11,0.06,0.03,0.39,-0.13,"..","..","..","..",-0.95,"..",0.10,0.05,0.20,0.00,0.14,0.00,0.02,0.00,0.12,0.07,0.05,-0.01,-0.29,-0.25,0.07,0.04,-0.01,0.01,0.16,0.00,0.62,0.19,0.20,0.05,0.20,0.02,0.28,0.03,-0.18,0.00,"..","..",0.07,0.01,0.13,0.01,0.35,0.05,0.06,0.00
"2018Q1",-0.10,0.82,-0.21,-0.47,-0.07,0.14,0.26,0.09,-0.08,0.09,0.02,0.05,0.45,0.02,-0.20,-0.03,0.07,0.06,-0.03,-0.04,0.00,-0.07,-0.06,0.07,0.42,0.09,0.71,0.18,0.23,0.10,0.10,0.10,0.05,0.05,2.82,2.77,-0.32,-0.02,-0.23,0.09,-0.02,0.01,0.00,-0.04,0.02,0.00,0.02,0.00,-0.07,-0.09,-0.07,-0.04,0.01,-0.04,2.06,0.63,2.33,0.23,0.05,0.01,1.07,0.26,0.03,0.00,0.03,0.01,1.01,0.00,0.00,0.00,1.03,0.30,0.07,0.02,0.05,0.00,-0.16,0.13,0.04,-0.01,-0.12,-0.09,-0.24,-0.02,-0.03,0.00,0.00,0.00,0.05,0.13,-0.02,0.01,0.00,0.07,-0.03,0.07,0.09,0.04,-0.14,0.02,0.01,0.00,-0.03,0.01,0.16,0.04,0.19,0.11,0.04,0.01,0.15,0.00,-0.38,0.81,0.54,0.42,0.01,0.01,-0.01,-0.01,-0.08,-0.11,2.04,1.16,0.23,0.13,0.39,0.10,-0.14,0.04,0.00,0.01,-0.18,-0.06,-0.42,0.03,-1.11,-2.94,0.01,0.01,0.01,0.01,-0.19,-0.11,-1.36,0.05,-0.83,-0.36,-0.38,0.01,0.01,-0.06,0.09,0.02,-0.41,0.11,0.00,-0.10,0.10,0.03,-0.02,-0.02,0.23,0.03,-0.13,-0.15,0.09,0.03,0.03,-0.33,0.32,0.07,-0.02,-0.23,0.39,0.18,"..","..","..","..",-0.12,"..",0.13,0.04,0.18,0.18,-1.37,-1.37,0.01,0.01,0.15,0.07,0.03,-0.01,-0.23,0.05,0.08,0.02,-0.03,-0.05,0.01,0.01,0.75,0.23,0.21,0.04,0.18,0.00,0.23,0.07,-0.14,-0.03,"..","..",0.08,0.01,0.05,0.02,0.45,0.19,0.07,0.02
"2018Q2",0.24,-0.23,-1.86,1.06,-0.08,-0.15,0.23,0.05,0.06,-0.05,-0.10,-0.02,0.24,-0.10,-0.07,0.03,0.39,-0.01,0.10,-0.06,0.03,0.00,0.64,0.38,0.45,0.11,0.97,0.43,0.79,0.61,0.23,0.12,0.18,0.13,2.84,0.04,-0.07,0.04,-0.49,-0.21,0.04,0.05,0.01,0.03,0.02,0.00,0.03,0.02,-0.01,0.05,0.19,0.23,-0.05,0.02,2.28,0.65,2.04,0.57,0.03,0.03,0.96,0.10,0.03,0.00,0.05,0.00,1.01,0.00,0.00,0.00,1.04,0.60,0.06,0.00,0.06,0.06,0.20,-0.11,0.03,-0.01,-0.13,-0.07,-0.14,0.03,-0.02,0.02,0.00,0.00,-0.12,0.08,-0.03,-0.02,-0.03,-0.05,0.05,0.02,0.11,0.05,-0.20,-0.19,0.00,0.00,0.01,0.03,0.08,0.00,0.12,0.04,0.03,0.01,0.13,0.00,-0.45,-0.18,-0.39,-0.84,0.01,0.00,0.03,0.03,-0.08,0.08,4.30,1.40,0.42,0.13,0.24,0.04,-0.18,0.01,0.04,0.02,-0.03,-0.25,-0.16,-0.81,-0.90,0.65,0.01,0.00,0.02,0.00,-0.54,-0.56,-1.08,-0.10,-1.05,-0.58,-0.38,-0.16,-0.02,0.04,0.08,0.03,-0.22,0.00,0.01,0.03,0.08,-0.02,0.00,0.00,0.18,0.06,-0.75,-0.60,0.10,0.02,-0.17,-0.03,0.36,0.05,-0.04,0.15,0.17,-0.11,"..","..","..","..",0.01,"..",0.12,0.03,0.18,0.00,-1.37,0.00,0.01,0.00,0.24,0.09,0.00,0.00,0.02,0.04,0.06,0.02,0.00,0.04,0.02,0.01,0.95,0.26,0.23,0.05,0.11,0.01,0.29,0.09,-0.09,-0.05,"..","..",0.07,0.02,0.04,0.02,0.42,0.02,0.07,-0.01
"2018Q3",-0.36,-1.16,-1.14,1.78,-0.23,-0.06,0.20,0.01,-0.27,-0.15,0.07,0.21,0.14,0.05,-0.06,0.04,0.25,0.14,-0.08,-0.08,0.00,0.07,0.46,0.09,0.36,0.09,1.12,0.31,0.38,-0.19,-0.08,-0.07,0.29,0.14,2.79,-0.01,-0.16,-0.04,-0.48,0.09,-0.03,-0.02,-0.01,0.01,0.02,0.00,0.03,0.01,0.01,-0.03,0.22,-0.02,-0.04,0.00,2.19,0.44,2.25,0.73,0.06,0.05,0.72,0.09,0.01,0.01,0.04,0.02,1.54,1.55,0.00,0.00,0.91,-0.05,0.03,0.00,0.07,0.01,0.07,0.04,-0.05,0.03,-0.02,0.11,-0.18,0.00,-0.03,0.00,0.00,0.00,-0.02,0.03,-0.01,0.01,-0.03,-0.07,0.11,0.14,0.15,0.03,-0.16,0.06,-0.01,-0.01,0.02,0.02,0.09,0.09,0.14,0.02,0.03,0.00,0.19,0.15,-0.56,0.03,-0.29,-0.06,0.00,0.00,0.00,-0.03,-0.09,0.03,7.60,2.56,0.69,0.22,0.27,0.06,0.07,0.01,0.04,0.00,-0.02,-0.05,0.14,0.43,-0.12,0.11,0.02,0.01,0.06,0.06,-1.02,-0.47,-0.81,-0.13,-0.94,0.09,-0.24,0.03,-0.04,-0.01,0.03,-0.03,0.12,0.16,0.01,0.00,0.06,0.00,0.22,0.14,0.22,0.09,-0.58,0.12,0.13,0.04,-0.10,-0.01,0.45,0.23,-0.04,0.01,0.30,0.34,"..","..","..","..","..","..",0.12,0.00,0.18,0.00,-1.37,0.00,0.01,0.00,0.29,0.06,0.00,0.02,-0.33,-0.17,0.08,0.01,0.02,0.02,0.04,0.02,0.96,0.29,0.19,0.05,0.05,0.03,0.29,0.10,-0.08,0.00,"..","..",0.03,0.00,0.09,0.03,0.28,0.01,0.04,0.03
"2018Q4",-0.30,0.27,-1.31,-3.68,0.69,0.76,0.24,0.08,0.00,0.11,0.37,0.13,0.01,0.04,-0.02,-0.05,0.13,-0.07,-0.09,0.10,-0.01,-0.01,0.09,-0.44,0.36,0.07,1.07,0.16,0.22,-0.29,-0.13,-0.28,0.16,-0.16,2.43,-0.36,-0.03,-0.01,-0.47,-0.43,-0.01,-0.05,-0.03,-0.03,-0.01,-0.01,0.03,0.00,-0.10,-0.03,0.20,0.02,-0.01,0.02,2.24,0.52,2.03,0.49,0.11,0.02,0.58,0.13,0.01,0.00,0.04,0.01,1.55,0.00,0.02,0.02,0.78,-0.08,0.10,0.08,0.07,0.00,0.34,0.27,0.05,0.03,-0.15,-0.11,-0.05,-0.06,-0.06,-0.08,0.01,0.00,-0.05,-0.29,-0.01,-0.01,-0.10,-0.05,0.13,-0.10,0.17,0.04,-0.11,0.01,-0.01,0.00,0.06,0.01,0.16,0.03,0.23,0.06,0.03,0.00,0.22,0.07,0.71,0.04,-0.66,-0.18,0.02,0.02,-0.02,0.00,-0.02,-0.01,4.80,-0.32,0.56,0.08,0.21,0.01,0.00,-0.06,0.03,0.00,0.19,0.54,0.02,0.37,-0.82,1.36,0.02,0.01,0.08,0.01,-1.33,-0.19,0.08,0.26,-0.81,0.04,-0.27,-0.15,-0.04,-0.01,0.05,0.03,1.12,0.85,-0.04,0.03,0.10,0.09,-0.05,-0.17,0.27,0.10,-0.49,0.13,0.11,0.02,-0.07,0.31,0.39,0.05,-0.03,0.04,0.58,0.18,"..","..","..","..","..","..",0.07,0.00,0.18,0.00,-1.37,0.00,0.01,0.00,0.25,0.03,-0.03,-0.04,0.08,0.16,0.08,0.03,-0.03,-0.03,0.06,0.02,0.94,0.16,0.14,0.00,0.08,0.04,0.39,0.13,-0.09,-0.01,"..","..",0.03,0.00,0.14,0.07,0.23,0.01,0.05,0.01
"2019Q1",-0.20,0.91,-0.41,0.43,0.41,-0.14,0.20,0.05,0.32,0.41,0.30,-0.02,-0.13,-0.12,0.02,0.01,0.23,0.17,-0.05,-0.01,0.06,0.01,0.18,0.16,0.35,0.08,1.12,0.22,0.47,0.35,0.14,0.37,0.27,0.16,2.25,2.59,0.02,0.03,-0.57,-0.01,-0.03,-0.01,0.06,0.05,0.00,0.01,0.02,0.00,-0.01,0.00,0.22,-0.01,0.02,-0.01,2.18,0.57,2.16,0.36,0.05,-0.05,0.46,0.13,0.01,0.00,0.03,0.00,1.55,0.00,0.02,0.00,0.96,0.48,0.09,0.01,0.07,0.00,-0.40,-0.60,0.04,-0.02,-0.22,-0.15,0.17,0.19,-0.04,0.02,0.01,0.00,0.02,0.20,-0.03,-0.01,-0.04,0.12,0.01,-0.05,0.11,-0.01,-0.23,-0.10,0.00,0.00,0.06,0.01,0.00,-0.12,0.25,0.13,0.02,0.00,0.22,0.00,-0.38,-0.27,-0.64,0.44,0.02,0.00,0.01,0.01,0.01,-0.08,0.32,-3.32,0.29,-0.14,0.16,0.05,0.04,0.07,0.02,-0.01,0.42,0.18,-0.27,-0.26,-0.18,-2.30,-0.02,-0.04,0.08,0.01,-1.41,-0.18,0.16,0.13,-0.79,-0.34,-0.20,0.08,-0.06,-0.07,0.04,0.01,0.11,-0.89,-0.03,-0.09,0.11,0.04,0.15,0.17,0.26,0.02,-0.33,0.01,0.08,0.00,-0.05,-0.31,0.35,0.03,0.06,-0.15,0.32,-0.08,"..","..","..","..","..","..",0.03,0.00,0.17,0.17,0.10,0.10,0.02,0.02,0.25,0.07,-0.04,-0.01,0.05,0.02,0.07,0.01,0.00,-0.03,0.06,0.02,0.84,0.13,0.11,0.01,0.14,0.06,0.43,0.12,-0.18,-0.12,"..","..",0.03,0.01,0.14,0.01,0.14,0.10,0.04,0.02
"2019Q2",0.00,-0.03,-1.31,0.15,0.53,-0.03,0.23,0.08,0.26,-0.11,0.49,0.17,-0.05,-0.02,0.05,0.06,0.32,0.09,-0.04,-0.05,0.02,-0.05,0.00,0.20,0.41,0.16,1.24,0.55,0.04,0.17,0.11,0.10,0.20,0.06,2.22,0.01,0.01,0.03,-0.13,0.23,-0.01,0.06,0.01,-0.02,-0.01,0.00,0.03,0.02,-0.02,0.03,0.02,0.02,0.00,0.00,2.43,0.90,1.97,0.39,0.09,0.07,0.45,0.09,0.01,0.00,0.04,0.01,1.55,0.00,0.02,0.00,0.51,0.16,0.08,0.00,0.06,0.05,0.11,0.40,0.05,0.01,0.05,0.20,0.22,0.09,0.05,0.11,0.01,0.00,0.05,0.12,0.03,0.04,-0.07,-0.07,0.15,0.17,0.08,0.01,0.09,0.13,0.00,0.00,0.03,0.00,0.07,0.06,0.22,0.01,0.01,0.00,0.24,0.02,-0.19,0.01,-0.74,-0.93,0.03,0.01,-0.01,0.01,-0.01,0.06,1.50,2.58,0.26,0.11,0.18,0.05,0.16,0.13,0.01,0.01,0.06,-0.61,-0.09,-0.63,-0.63,0.20,0.02,0.04,0.09,0.01,-1.32,-0.48,0.29,0.03,-0.63,-0.42,-0.28,-0.23,-0.06,0.03,0.09,0.07,0.21,0.10,0.01,0.07,0.16,0.03,0.28,0.14,0.27,0.07,0.29,0.02,0.08,0.01,-0.02,0.00,0.31,0.01,0.09,0.18,0.65,0.22,"..","..","..","..","..","..",0.00,0.00,0.17,0.00,0.10,0.00,0.02,0.00,0.19,0.03,-0.02,0.02,0.04,0.03,0.05,0.01,-0.05,-0.01,0.07,0.02,0.72,0.14,0.14,0.08,0.20,0.07,0.50,0.16,-0.13,0.00,"..","..",0.03,0.01,0.12,0.01,0.16,0.05,0.06,0.01
"2019Q3",0.26,-0.89,-1.71,1.38,1.55,0.96,0.26,0.05,0.52,0.11,0.56,0.28,-0.08,0.02,0.02,0.01,0.30,0.12,-0.07,-0.10,0.02,0.08,0.11,0.20,0.54,0.22,1.06,0.13,0.40,0.17,0.09,-0.10,0.16,0.11,2.25,0.01,0.05,0.00,-0.31,-0.09,-0.10,-0.11,-0.02,-0.02,0.00,0.01,0.03,0.01,-0.04,-0.05,0.00,-0.03,0.01,0.01,2.68,0.69,1.60,0.36,0.10,0.06,0.54,0.18,0.26,0.26,0.03,0.00,1.56,1.56,0.02,0.00,0.48,-0.08,0.10,0.01,0.05,0.00,0.09,0.01,-0.01,-0.04,0.00,0.07,0.23,0.01,0.01,-0.04,0.01,0.00,-0.03,-0.05,0.01,0.00,0.05,0.05,-0.09,-0.10,0.09,0.05,-0.05,-0.09,0.02,0.02,0.01,0.00,0.07,0.10,0.25,0.05,0.01,0.00,0.16,0.07,-0.59,-0.37,-0.45,0.23,0.00,-0.03,-0.01,-0.03,-0.01,0.03,-1.43,-0.37,-0.12,-0.16,0.20,0.09,0.65,0.50,0.01,0.00,0.19,0.08,0.19,0.71,-0.90,-0.16,0.01,0.00,0.03,0.01,-0.96,-0.11,0.21,-0.22,-0.55,0.18,-0.27,0.04,-0.13,-0.09,0.13,0.02,-0.19,-0.24,-0.01,-0.02,0.23,0.08,0.18,0.04,0.30,0.11,0.36,0.19,0.07,0.03,-0.17,-0.17,0.27,0.19,0.09,0.01,0.46,0.15,"..","..","..","..","..","..",0.15,0.15,0.17,0.00,0.10,0.00,0.02,0.00,0.26,0.13,-0.02,0.01,0.10,-0.11,0.05,0.00,-0.08,-0.01,0.15,0.10,0.54,0.11,0.16,0.07,0.23,0.05,0.47,0.07,-0.23,-0.09,"..","..",0.04,0.01,0.10,0.01,0.18,0.03,0.04,0.01
"2019Q4",0.35,0.35,-0.06,-2.03,1.07,0.28,0.24,0.06,0.92,0.50,0.29,-0.14,-0.15,-0.03,0.06,-0.02,0.04,-0.33,-0.10,0.06,-0.09,-0.13,0.45,-0.10,0.57,0.10,1.15,0.24,0.46,-0.23,0.30,-0.07,0.26,-0.07,2.61,0.00,0.15,0.09,0.44,0.32,0.04,0.09,0.02,0.01,-0.01,-0.03,0.04,0.01,0.01,0.03,-0.02,0.01,-0.02,-0.01,2.96,0.80,1.35,0.25,0.08,0.00,0.52,0.12,0.26,0.00,0.05,0.03,1.56,0.00,0.00,0.00,0.49,-0.06,0.10,0.08,0.05,0.00,-0.23,-0.05,-0.02,0.02,0.07,-0.04,0.26,-0.03,0.06,-0.02,0.01,0.01,0.32,0.05,0.02,0.00,0.10,0.00,0.03,0.01,0.08,0.03,0.02,0.08,0.02,0.00,0.00,0.00,0.09,0.05,0.24,0.05,0.01,0.00,0.14,0.05,-0.85,-0.22,-0.45,-0.18,-0.01,0.00,0.03,0.04,0.03,0.02,-0.37,0.75,-0.20,0.00,0.21,0.02,0.77,0.07,0.01,0.00,-0.08,0.28,0.52,0.70,-0.65,1.62,0.01,0.00,0.02,0.00,-0.79,-0.02,-0.46,-0.41,-0.51,0.08,-0.21,-0.10,-0.09,0.03,0.10,0.00,-0.88,0.16,0.03,0.06,0.20,0.05,0.28,-0.07,0.39,0.19,0.16,-0.07,0.06,0.01,-0.14,0.34,0.25,0.04,0.03,-0.02,0.51,0.23,"..","..","..","..","..","..",0.15,0.00,0.17,0.00,0.10,0.00,0.02,0.00,0.30,0.07,0.03,0.01,0.09,0.15,0.21,0.19,0.01,0.05,0.23,0.10,0.40,0.03,0.23,0.08,0.22,0.03,0.35,0.01,-0.24,-0.02,"..","..",0.05,0.01,0.11,0.08,0.27,0.09,0.03,-0.01
"2020Q1",0.25,0.82,-0.15,0.34,1.72,0.50,0.22,0.04,0.75,0.25,0.93,0.62,-0.01,0.01,0.08,0.03,0.35,0.48,-0.07,0.03,-0.01,0.08,0.43,0.14,0.67,0.18,1.23,0.31,0.22,0.11,0.20,0.27,0.10,0.00,3.50,3.48,0.08,-0.04,0.53,0.08,0.06,0.02,-0.07,-0.04,-0.02,0.00,0.07,0.02,-0.05,-0.06,-0.01,-0.01,-0.04,-0.04,3.58,1.20,1.63,0.63,0.12,-0.01,0.60,0.21,0.26,0.00,0.05,0.00,1.56,0.00,0.00,0.00,0.51,0.49,0.10,0.00,0.05,0.00,0.21,-0.16,-0.01,0.00,0.23,0.01,-0.12,-0.18,0.05,0.01,0.02,0.01,0.13,0.01,0.02,-0.01,-0.09,-0.07,0.10,0.02,0.19,0.09,0.18,0.06,0.01,0.00,0.00,0.01,0.23,0.02,0.10,0.00,0.01,0.00,0.14,0.00,-0.58,0.01,-0.43,0.45,-0.02,0.00,0.01,-0.01,0.22,0.11,1.84,-1.12,-0.14,-0.08,0.22,0.06,0.71,0.01,0.01,0.00,-0.04,0.21,0.71,-0.07,-0.41,-2.06,0.06,0.02,0.01,0.00,-0.31,0.30,-0.80,-0.21,-0.52,-0.35,-0.45,-0.16,-0.02,0.00,0.15,0.06,0.15,0.14,0.06,-0.06,0.18,0.02,0.12,0.01,0.43,0.05,0.15,0.01,0.07,0.02,0.09,-0.08,0.27,0.05,0.06,-0.11,0.67,0.08,"..","..","..","..","..","..",0.15,0.00,-0.04,-0.04,0.06,0.06,-0.01,-0.01,0.28,0.05,0.06,0.02,0.15,0.09,0.18,-0.02,-0.01,-0.04,0.30,0.10,0.23,-0.05,0.30,0.08,0.18,0.03,0.27,0.03,-0.12,0.00,"..","..",0.05,0.01,0.12,0.03,0.34,0.17,0.03,0.02
"2020Q2",-0.56,-0.83,1.94,2.25,1.15,-0.60,0.17,0.03,1.00,0.13,0.81,0.05,0.00,0.00,0.17,0.15,0.15,-0.11,0.13,0.15,-0.09,-0.13,0.55,0.31,0.70,0.20,1.24,0.56,0.36,0.31,0.21,0.11,0.11,0.08,3.32,-0.17,0.03,-0.02,-0.32,-0.62,-0.07,-0.06,0.01,0.06,-0.02,-0.01,0.05,0.00,-0.13,-0.05,-0.66,-0.62,-0.02,0.02,3.35,0.67,1.64,0.40,0.12,0.07,0.67,0.17,0.26,0.00,0.06,0.02,1.56,0.00,0.00,0.00,0.51,0.16,0.08,-0.02,0.06,0.06,-0.19,0.00,-0.04,-0.03,-0.06,-0.09,-0.43,-0.22,-0.02,0.04,0.02,0.01,0.07,0.06,-0.02,-0.01,-0.03,-0.01,0.02,0.09,0.18,0.00,0.11,0.06,0.01,0.00,0.03,0.02,0.21,0.04,0.12,0.03,0.01,0.01,0.12,0.00,-0.29,0.29,-0.01,-0.52,-0.01,0.01,0.00,0.00,0.21,0.06,-6.36,-5.62,-0.64,-0.40,0.30,0.13,0.27,-0.30,-0.62,-0.62,"..","..","..","..",-0.69,-0.08,0.00,-0.02,0.01,0.00,0.50,0.34,-0.92,-0.09,-0.40,-0.30,-0.24,-0.02,-0.02,0.04,0.14,0.06,0.05,-0.01,-0.05,-0.04,0.20,0.05,0.17,0.19,0.26,-0.10,-0.19,-0.32,0.10,0.04,0.30,0.20,0.24,-0.03,0.05,0.17,0.61,0.15,"..","..","..","..","..","..",0.15,0.00,-0.04,0.00,0.06,0.00,-0.01,0.00,0.39,0.14,0.01,-0.03,0.10,-0.03,0.16,-0.01,-0.05,-0.06,0.38,0.10,0.03,-0.06,0.32,0.10,0.13,0.02,0.18,0.07,-0.11,0.00,"..","..",0.03,0.00,0.13,0.02,0.52,0.24,0.03,0.02
"2020Q3",0.57,0.23,3.23,2.67,0.36,0.18,0.08,-0.05,0.71,-0.17,0.21,-0.32,-0.08,-0.06,0.04,-0.12,-0.08,-0.12,0.01,-0.23,-0.20,-0.02,0.33,-0.02,0.64,0.16,1.36,0.25,0.09,-0.10,0.41,0.10,0.08,0.07,3.37,0.07,0.06,0.03,-0.06,0.16,0.01,-0.04,-0.04,-0.07,-0.03,0.01,0.03,0.00,0.06,0.14,-0.59,0.03,0.06,0.09,3.15,0.48,1.54,0.27,0.10,0.04,0.60,0.10,0.10,0.10,0.08,0.03,0.87,0.87,0.00,0.00,0.60,0.01,0.05,-0.01,0.06,0.00,-0.26,-0.05,0.02,0.03,0.09,0.21,0.04,0.47,0.06,0.03,0.04,0.01,0.26,0.14,0.00,0.02,-0.02,0.06,0.03,-0.09,0.24,0.12,0.08,-0.12,0.00,0.00,0.04,0.01,0.28,0.17,0.19,0.11,0.01,0.00,0.15,0.10,-0.40,-0.48,0.07,0.32,0.03,0.02,0.08,0.05,0.17,-0.02,-5.38,0.61,-0.52,-0.04,0.20,-0.01,0.14,0.36,-0.19,0.43,-0.26,"..",0.79,"..",-0.48,0.04,0.00,0.00,0.01,0.01,-0.21,-0.83,-0.70,0.01,-0.30,0.27,-0.15,0.13,-0.09,-0.16,0.15,0.03,-0.26,-0.55,0.05,0.09,0.18,0.06,0.04,-0.09,0.44,0.30,-0.14,0.24,0.09,0.02,0.45,-0.01,0.07,0.01,0.02,-0.02,0.73,0.27,"..","..","..","..","..","..",0.15,0.15,-0.04,0.00,0.06,0.00,-0.01,0.00,0.21,-0.05,-0.01,-0.01,-0.15,-0.32,0.29,0.13,-0.02,0.03,0.31,0.01,-0.14,-0.06,0.27,0.01,0.10,0.02,0.24,0.13,-0.02,0.00,"..","..",0.03,0.01,0.10,-0.03,0.61,0.11,0.04,0.01
"2020Q4",0.82,0.60,1.37,-3.89,0.01,-0.07,0.00,-0.02,0.19,-0.02,0.35,0.00,-0.10,-0.05,-0.04,-0.10,0.16,-0.09,0.08,0.13,-0.10,-0.03,0.33,-0.10,0.64,0.10,1.33,0.21,0.44,0.12,0.41,-0.07,0.21,0.06,3.55,0.18,0.04,0.07,-0.05,0.33,-0.05,0.03,0.01,0.06,0.05,0.05,0.03,0.01,0.07,0.04,-0.59,0.01,0.11,0.04,2.91,0.56,2.44,1.14,0.09,-0.01,0.56,0.08,0.10,0.00,0.05,0.00,0.87,0.00,0.00,0.00,0.26,-0.40,-0.02,0.01,0.06,0.00,0.38,0.59,0.01,0.01,0.20,0.07,0.08,0.01,0.05,-0.03,0.04,0.01,0.19,-0.02,-0.02,-0.02,0.00,0.02,-0.12,-0.14,0.28,0.07,-0.12,-0.12,0.00,0.00,0.04,0.00,0.25,0.02,0.28,0.14,0.01,0.00,0.15,0.05,0.12,0.30,1.32,1.07,-0.01,-0.04,0.07,0.03,0.17,0.02,-5.99,0.14,-0.55,-0.03,0.24,0.06,0.08,0.01,-0.19,0.00,-0.14,0.40,0.08,-0.01,-1.21,0.89,0.02,0.02,0.01,0.00,0.19,0.38,-0.54,-0.25,0.02,0.40,-0.23,-0.18,-0.05,0.07,0.15,0.00,-0.61,-0.19,0.09,0.10,0.16,0.03,0.37,0.26,0.43,0.18,0.04,0.11,0.12,0.04,0.21,0.10,0.11,0.08,0.12,0.08,0.60,0.10,"..","..","..","..","..","..",0.15,0.00,-0.04,0.00,0.06,0.00,-0.01,0.00,0.18,0.04,-0.02,0.00,-0.29,0.02,0.09,-0.01,-0.06,0.01,0.22,0.01,-0.23,-0.06,0.20,0.01,0.11,0.04,0.32,0.09,0.00,0.00,"..","..",0.04,0.02,0.08,0.06,0.63,0.11,0.05,0.00
"2021Q1",0.24,0.24,0.83,-0.20,-0.63,-0.14,-0.09,-0.05,-0.04,0.02,0.04,0.31,-0.14,-0.03,-0.05,0.02,-0.09,0.23,0.09,0.04,-0.12,0.06,0.21,0.02,0.60,0.14,1.37,0.35,0.43,0.10,0.27,0.13,0.29,0.08,1.00,0.92,-0.09,-0.17,-0.36,-0.23,-0.05,0.02,0.06,0.01,0.04,-0.01,0.01,0.00,0.16,0.03,-0.57,0.01,0.17,0.02,2.80,1.09,2.89,1.08,0.12,0.02,0.52,0.17,0.10,0.00,0.05,0.00,0.87,0.00,0.00,0.00,-0.11,0.12,-0.02,0.00,0.06,0.00,0.21,-0.33,0.02,0.01,-0.09,-0.28,0.39,0.13,0.02,-0.02,0.03,0.00,0.09,-0.09,0.00,0.01,0.07,0.00,-0.10,0.04,0.26,0.07,-0.05,0.13,0.00,0.00,0.04,0.01,0.24,0.01,0.42,0.14,0.01,0.00,0.16,0.01,0.24,0.13,1.93,1.06,-0.01,0.00,0.10,0.02,0.12,0.06,-2.11,2.76,-0.17,0.30,0.24,0.06,0.09,0.02,-0.18,0.01,-0.42,-0.07,0.06,-0.09,1.57,0.72,0.00,0.00,0.01,0.00,-0.54,-0.43,-0.56,-0.23,-0.06,-0.43,-0.20,-0.13,-0.09,-0.04,0.14,0.05,-0.91,-0.16,0.07,-0.08,0.24,0.10,0.55,0.19,0.33,-0.05,0.04,0.01,0.12,0.02,0.06,-0.23,0.07,0.01,0.13,-0.10,0.82,0.30,"..","..","..","..","..","..",0.15,0.00,0.22,0.22,0.09,0.09,0.00,0.00,0.21,0.08,-0.05,-0.01,-0.37,0.01,0.18,0.07,-0.15,-0.13,0.13,0.01,-0.13,0.05,0.14,0.02,0.12,0.04,0.31,0.02,0.00,0.00,"..","..",0.04,0.01,0.14,0.09,0.91,0.45,0.07,0.04
"2021Q2",0.50,-0.57,0.94,2.36,-0.09,-0.06,-0.06,0.06,-0.05,0.12,0.17,0.18,-0.18,-0.04,-0.14,0.06,0.01,-0.01,-0.09,-0.03,-0.09,-0.10,-0.09,0.01,0.71,0.31,1.55,0.74,0.18,0.06,0.23,0.07,0.27,0.06,1.08,-0.09,0.22,0.29,0.92,0.66,0.06,0.05,-0.02,-0.02,0.05,0.00,0.02,0.01,0.22,0.01,0.48,0.43,0.12,-0.03,3.13,1.00,6.77,4.28,0.10,0.05,0.65,0.30,0.10,0.00,0.03,0.00,0.87,0.00,0.00,0.00,-0.17,0.10,0.01,0.01,0.01,0.01,0.32,0.11,0.06,0.01,0.15,0.15,0.56,-0.05,-0.01,0.01,0.02,0.00,0.03,0.00,0.05,0.04,0.07,-0.01,-0.16,0.03,0.50,0.24,-0.23,-0.12,0.00,0.00,0.04,0.02,0.31,0.11,0.60,0.21,0.00,0.00,0.17,0.01,0.06,0.11,3.20,0.75,0.00,0.02,0.12,0.02,0.11,0.05,6.01,2.50,0.46,0.23,0.23,0.12,0.42,0.03,0.44,0.00,"..",-0.13,"..",-0.15,1.05,-0.60,0.02,0.00,0.01,0.00,-1.44,-0.56,-0.78,-0.31,-0.35,-0.59,-0.57,-0.39,0.03,0.16,0.14,0.06,0.17,1.07,0.11,0.00,0.30,0.11,0.57,0.21,0.42,-0.01,-0.01,-0.37,0.16,0.08,-0.13,0.01,0.16,0.06,0.08,0.12,0.92,0.25,"..","..","..","..","..","..",0.15,0.00,0.22,0.00,0.09,0.00,0.00,0.00,0.21,0.14,-0.06,-0.04,-0.25,0.10,0.20,0.01,-0.09,0.00,0.04,0.01,0.03,0.10,0.06,0.02,0.15,0.05,0.27,0.03,0.00,0.00,"..","..",-0.02,-0.06,0.16,0.04,1.06,0.39,0.03,-0.02
"2021Q3",0.19,-0.08,1.29,3.03,0.44,0.70,0.12,0.12,0.20,0.07,1.12,0.63,-0.06,0.07,0.03,0.05,0.19,0.06,0.18,0.05,-0.08,-0.01,0.09,0.16,0.79,0.24,1.61,0.32,0.30,0.02,0.38,0.25,0.25,0.05,1.03,0.02,0.17,-0.03,0.78,0.02,0.14,0.04,0.01,-0.05,0.05,0.01,0.04,0.01,0.06,-0.01,0.45,0.00,0.06,0.02,3.46,0.81,10.93,4.42,0.25,0.18,0.75,0.20,0.27,0.27,0.07,0.07,2.12,2.12,0.00,0.00,-0.27,-0.09,0.01,-0.01,0.03,0.01,0.48,0.10,0.03,0.00,0.14,0.19,0.25,0.16,-0.01,0.03,0.02,0.00,-0.08,0.03,0.03,-0.01,0.05,0.03,-0.05,0.02,0.45,0.07,-0.21,-0.10,0.00,-0.01,0.03,0.00,0.14,-0.01,0.68,0.19,0.02,0.01,0.20,0.13,0.00,-0.53,3.15,0.27,-0.02,0.01,0.03,-0.05,0.34,0.21,8.22,2.82,0.75,0.25,0.34,0.10,0.30,0.24,0.01,0.00,0.45,0.25,0.20,0.45,2.68,1.66,0.01,-0.01,0.03,0.01,-0.72,-0.11,-1.02,-0.23,-0.45,0.17,-0.60,0.10,0.16,-0.02,0.22,0.11,2.23,1.50,0.05,0.02,0.25,0.01,0.80,0.14,0.25,0.13,-0.25,0.00,0.24,0.10,-0.19,-0.06,0.17,0.02,0.11,0.01,0.86,0.22,"..","..","..","..","..","..",0.13,0.13,0.22,0.00,0.09,0.00,0.00,0.00,0.32,0.05,0.00,0.04,0.38,0.27,0.08,0.01,-0.10,0.03,0.04,0.02,0.23,0.14,0.08,0.03,0.19,0.06,0.19,0.05,-0.01,-0.01,"..","..",-0.02,0.00,0.27,0.08,1.24,0.29,0.05,0.03
"2021Q4",-0.17,0.24,1.92,-3.27,0.74,0.24,0.15,0.01,0.54,0.32,1.29,0.17,0.08,0.09,0.21,0.09,0.25,-0.03,0.28,0.23,0.05,0.10,0.04,-0.15,0.86,0.18,1.79,0.38,0.18,0.00,0.26,-0.20,0.16,-0.04,0.81,-0.04,0.09,-0.01,0.43,-0.02,0.16,0.05,-0.02,0.04,0.01,0.00,0.03,0.00,0.09,0.07,0.44,0.00,0.01,-0.01,4.20,1.30,14.52,4.73,0.50,0.24,1.09,0.42,0.27,0.00,0.08,0.00,2.12,0.00,0.00,0.00,-0.24,-0.37,0.02,0.02,0.03,0.00,0.74,0.86,0.07,0.05,-0.08,-0.15,0.12,-0.11,0.02,0.00,0.01,0.00,-0.10,-0.04,0.11,0.07,0.14,0.12,0.24,0.15,0.51,0.13,-0.17,-0.09,-0.01,-0.01,0.04,0.00,0.17,0.06,0.76,0.22,0.02,0.00,0.24,0.10,-0.17,0.12,2.81,0.72,0.04,0.01,0.04,0.05,0.40,0.08,11.64,3.57,1.14,0.36,0.32,0.05,0.33,0.04,0.01,0.00,0.13,0.09,0.65,0.44,1.68,-0.10,0.01,0.02,0.03,0.00,-0.43,0.68,-0.36,0.41,-0.59,0.26,-0.32,0.10,0.11,0.02,0.36,0.14,2.91,0.49,0.14,0.19,0.30,0.08,0.55,0.01,0.16,0.09,-0.29,0.07,0.29,0.08,-0.04,0.25,0.10,0.00,0.03,0.00,1.05,0.29,"..","..","..","..","..","..",0.13,0.00,0.22,0.00,0.09,0.00,0.00,0.00,0.47,0.19,0.01,0.01,0.66,0.29,0.11,0.02,-0.03,0.07,0.06,0.02,0.31,0.02,0.09,0.02,0.19,0.05,0.25,0.15,-0.13,-0.12,"..","..",-0.04,0.01,0.26,0.05,1.78,0.65,0.08,0.03
"Table information:"
"Units:"
"Value, Magnitude = Units"
""
"Footnotes:"
" "
"Symbols:"
".. figure not available"
"C: Confidential"
"E: Early Estimate"
"P: Provisional"
"R: Revised"
"S: Suppressed"
""
"Status flags are not displayed"
""
"Table reference: "
"CPI043AA"
""
"Last updated:"
"Index point contribution from the same period previous year: 27 January 2022 10:45am"
"Index point contribution from previous period: 27 January 2022 10:45am"
""
"Source: Statistics New Zealand"
"Contact: Information Centre"
"Telephone: 0508 525 525"
"Email:info@stats.govt.nz"
""
""
""
